X_Coordinate,Y_Coordinate,Month,Day,Fine_Fuel_Moisture_Code,Duff_Moisture_Code,Drought_Code,Initial_Spread_Index,Temperature_Celsius,Relative_Humidity_Percent,Wind_Speed_kmh,Rainfall_mm,Burned_Area_hectares
3.22,2.99,May,Saturday,45.93,121.08,848.18,0.53,24.28,54,5.73,4.21,22.82
5.98,2.81,August,Saturday,29.84,37.56,403.53,51.25,9.14,98,0.42,6.29,23.24
3.28,4.46,January,Saturday,55.66,129.37,534.85,54.18,3.33,45,4.54,1.13,10.0
6.53,4.92,May,Sunday,50.66,46.57,545.06,44.41,12.59,48,7.28,1.85,30.09
1.23,6.18,June,Monday,68.55,146.92,574.11,3.74,25.41,24,2.4,4.28,27.04
1.16,8.16,March,Thursday,32.99,139.65,296.43,8.05,32.27,59,4.31,0.66,21.28
8.5,1.08,February,Tuesday,89.52,108.01,35.69,28.55,2.75,50,0.8,4.23,17.79
6.54,7.52,July,Tuesday,21.15,157.14,693.42,36.35,2.21,76,7.85,2.94,1.94
4.36,1.33,May,Sunday,94.6,174.18,130.08,1.9,20.71,87,5.86,3.26,8.3
3.94,4.78,October,Tuesday,48.9,276.06,606.35,52.51,27.66,47,1.15,4.52,4.71
1.14,7.89,June,Sunday,84.11,162.49,523.74,22.78,18.12,94,0.49,5.19,21.31
4.09,3.21,January,Sunday,42.15,255.18,502.06,43.12,16.71,69,7.16,3.11,2.55
6.46,8.9,December,Sunday,46.1,67.95,645.29,26.74,5.74,26,5.87,2.1,8.48
3.76,6.17,August,Friday,43.52,117.72,760.75,9.6,4.32,97,3.15,5.98,14.36
2.29,2.1,March,Friday,19.01,209.86,36.47,37.75,4.35,25,6.47,0.83,25.14
8.11,6.08,December,Saturday,38.02,105.79,435.18,9.94,32.52,16,8.01,0.94,3.71
3.05,8.24,April,Friday,59.71,46.02,626.74,47.63,23.58,69,7.79,5.92,17.1
4.87,3.11,August,Saturday,75.24,21.98,223.59,37.7,27.24,47,8.08,3.5,31.98
8.01,8.74,October,Sunday,62.37,103.65,838.53,6.11,18.19,90,2.33,5.82,22.21
5.76,3.95,February,Friday,77.76,158.75,459.57,39.98,16.09,28,5.54,5.84,3.26
6.18,8.61,January,Tuesday,90.35,39.34,811.08,37.93,14.55,56,2.31,5.93,0.85
6.49,1.85,December,Monday,44.87,153.19,129.34,53.14,22.67,22,9.0,2.98,9.88
3.11,4.07,December,Sunday,68.01,200.55,631.95,22.15,22.2,35,8.97,1.37,27.33
1.6,3.28,April,Wednesday,44.74,117.45,726.88,20.15,6.85,50,4.12,6.0,14.93
5.99,7.28,October,Wednesday,29.13,217.03,176.79,11.0,11.37,46,4.69,5.58,21.02
1.62,7.71,August,Friday,88.63,102.41,806.62,6.94,20.73,79,4.18,2.29,8.67
1.7,8.88,August,Tuesday,75.88,76.55,834.57,18.68,10.24,81,1.25,2.36,18.96
1.71,3.09,July,Saturday,24.97,207.58,191.31,11.81,25.3,75,5.73,3.5,13.47
4.12,3.81,July,Sunday,57.07,15.49,452.47,12.53,29.68,40,7.68,1.46,17.08
2.45,8.71,August,Tuesday,34.17,213.09,441.82,28.28,31.32,60,4.56,6.05,22.95
8.02,3.25,July,Monday,30.13,22.59,240.74,37.3,9.21,63,2.08,1.18,2.87
5.93,3.02,May,Sunday,61.3,160.73,514.93,30.59,32.62,73,8.99,2.84,22.51
2.44,7.3,November,Sunday,65.07,76.41,187.8,20.44,25.84,73,5.79,3.73,12.56
8.29,5.08,November,Saturday,48.19,238.02,604.07,54.07,24.78,15,4.81,3.88,1.22
6.02,2.17,October,Wednesday,40.88,255.2,710.48,9.73,30.88,17,5.18,0.43,6.98
6.24,4.56,May,Monday,66.57,102.38,518.17,51.86,32.03,66,8.97,2.57,12.29
8.28,7.36,August,Friday,69.7,252.94,419.85,44.8,29.78,23,7.65,5.11,2.99
8.59,6.1,April,Friday,82.14,77.93,244.66,15.79,12.49,33,8.73,5.58,0.26
3.98,5.85,January,Sunday,74.02,259.1,631.55,24.07,8.94,99,6.53,4.13,2.69
8.53,8.16,October,Sunday,86.79,239.56,697.32,31.3,2.54,69,9.2,5.5,24.71
5.01,3.98,February,Tuesday,75.62,37.38,448.41,39.28,22.03,25,2.56,2.68,3.11
1.1,4.41,June,Thursday,93.19,270.4,563.42,9.92,16.89,51,4.52,0.15,6.63
3.68,8.25,April,Monday,34.77,31.65,502.22,37.13,14.59,93,4.02,3.61,6.83
3.34,7.75,September,Tuesday,74.59,163.64,728.25,8.45,7.51,93,6.48,6.33,15.4
5.63,1.54,May,Sunday,60.25,196.09,35.5,49.65,25.51,42,1.41,1.26,6.39
1.71,1.56,August,Monday,78.28,248.98,840.98,46.67,20.38,27,4.29,4.64,15.18
1.1,7.64,September,Saturday,34.04,232.1,499.45,23.26,5.48,79,8.3,2.92,3.34
7.62,2.01,November,Tuesday,28.98,146.17,752.61,51.13,11.74,69,1.25,5.72,6.0
2.58,4.56,July,Sunday,70.78,110.21,562.32,55.84,8.1,72,1.3,3.03,3.97
6.8,6.63,February,Saturday,94.53,23.36,198.89,21.09,22.72,35,7.65,1.74,3.31
8.64,3.09,October,Wednesday,31.73,221.28,196.93,7.2,13.63,75,6.75,5.72,0.49
7.5,8.42,August,Thursday,47.43,154.17,530.0,35.33,2.57,81,7.73,6.0,3.64
8.15,3.91,November,Tuesday,57.15,81.33,81.03,50.22,30.86,32,7.15,0.47,11.75
2.08,6.32,April,Thursday,53.98,217.03,735.46,51.55,32.34,50,2.67,4.54,24.66
5.95,7.41,June,Friday,50.04,4.11,15.71,21.76,6.43,77,3.13,5.08,16.37
7.03,3.42,July,Monday,58.08,245.46,137.08,2.97,20.23,52,0.99,4.35,6.63
8.87,5.58,August,Friday,62.74,227.45,753.98,30.63,21.9,48,8.43,0.9,8.78
8.55,8.15,April,Sunday,94.71,237.41,830.72,47.42,17.36,42,5.07,3.74,11.3
3.81,2.04,March,Friday,65.73,57.04,391.52,11.13,5.39,89,8.61,0.85,29.76
7.71,8.4,September,Thursday,81.75,285.71,474.36,13.15,19.66,81,4.24,4.38,2.12
6.81,2.35,June,Saturday,89.76,51.09,580.91,56.04,29.99,83,5.62,4.84,22.83
8.92,1.36,November,Wednesday,79.32,88.95,791.81,0.52,26.74,81,4.91,0.08,2.38
8.25,3.31,May,Friday,72.5,121.37,88.78,4.12,25.06,75,4.92,4.5,12.98
1.08,2.92,July,Wednesday,64.93,268.72,221.39,7.59,5.91,44,2.62,1.73,1.55
5.12,5.69,March,Monday,88.54,160.06,582.24,34.0,14.84,81,4.05,2.85,4.82
2.25,2.57,December,Tuesday,73.53,268.24,607.72,53.93,29.06,46,3.0,2.76,0.58
1.17,2.16,April,Sunday,46.4,237.94,386.7,55.46,10.91,57,3.44,1.55,8.12
7.71,7.33,November,Tuesday,45.91,286.41,305.48,55.65,21.16,99,0.5,5.99,1.15
7.08,5.75,September,Tuesday,29.15,251.69,780.35,53.58,10.56,72,7.68,2.9,25.88
2.04,3.47,December,Monday,50.75,47.18,396.58,0.17,22.68,47,9.35,3.59,17.82
7.37,4.66,April,Monday,39.22,180.64,619.45,41.02,28.86,15,6.25,2.17,1.78
5.86,1.6,May,Monday,47.26,207.34,402.76,54.98,22.11,75,9.05,5.53,16.62
7.44,1.24,October,Tuesday,61.62,57.89,112.09,33.11,28.67,52,7.3,3.06,12.92
2.68,1.9,July,Sunday,25.17,182.78,288.22,33.69,4.1,36,4.2,2.47,8.74
2.95,6.08,January,Monday,44.09,39.92,408.42,24.66,8.42,97,7.01,1.42,0.17
5.73,6.33,December,Tuesday,82.15,91.05,209.76,16.33,28.07,30,0.78,1.41,4.79
7.13,3.6,May,Saturday,71.91,177.17,521.32,0.12,24.73,80,6.09,1.17,7.72
4.49,8.48,September,Wednesday,25.22,86.6,416.23,55.35,30.48,56,0.58,4.43,16.99
6.43,8.97,July,Saturday,95.83,225.37,470.95,27.1,14.83,55,7.04,3.79,12.06
2.68,3.8,August,Tuesday,77.63,178.15,449.25,51.39,20.76,24,2.88,0.73,17.06
6.38,4.65,February,Friday,85.92,120.38,95.36,39.01,17.4,90,4.76,4.25,5.34
7.37,3.39,May,Friday,67.79,79.05,236.92,40.03,23.36,74,2.59,2.47,27.38
4.77,7.46,April,Sunday,50.0,51.99,842.91,9.57,25.33,88,1.51,1.58,1.14
5.09,2.43,January,Sunday,66.2,112.01,335.89,50.01,15.04,76,6.28,5.06,17.25
4.63,7.17,December,Saturday,78.96,246.15,392.38,33.12,4.46,34,5.37,4.6,39.04
8.39,5.36,February,Thursday,30.76,141.82,363.87,2.3,8.11,32,0.91,5.62,19.33
3.5,5.57,March,Monday,28.92,133.43,97.28,36.96,12.31,92,5.06,2.88,9.0
6.7,3.49,June,Thursday,36.05,37.09,603.64,36.65,4.36,41,2.4,0.78,12.05
6.54,2.79,February,Tuesday,49.93,2.25,832.72,44.73,30.4,50,1.4,5.48,0.48
8.36,6.22,January,Sunday,22.3,159.07,192.87,36.01,10.04,70,2.13,5.63,10.58
8.27,4.95,November,Tuesday,87.74,16.62,438.09,28.85,16.29,67,0.84,2.77,8.02
7.24,1.98,May,Monday,56.81,179.5,810.02,26.67,14.97,25,9.35,3.97,3.1
4.55,3.28,April,Saturday,95.17,59.11,499.17,22.09,25.46,39,8.07,0.62,25.99
4.64,1.22,December,Wednesday,88.66,165.74,631.4,35.33,10.9,57,6.17,3.2,13.57
3.29,5.58,August,Tuesday,56.96,100.86,610.25,23.32,22.86,66,7.68,1.41,13.97
5.57,3.38,December,Thursday,73.78,12.04,115.25,41.38,25.89,50,1.06,3.45,13.1
4.34,8.8,August,Wednesday,95.94,124.0,724.31,3.02,13.34,60,6.51,0.16,7.81
5.17,7.96,November,Wednesday,47.6,219.03,283.91,52.33,13.28,37,4.51,3.29,6.58
8.69,5.03,October,Sunday,55.09,7.42,487.02,48.31,8.22,62,1.93,3.09,3.87
4.42,6.08,September,Saturday,40.37,243.92,255.76,39.25,19.32,29,7.54,5.48,13.89
1.81,1.92,May,Sunday,91.69,189.89,274.54,32.51,18.8,15,3.65,5.71,9.4
3.26,7.9,September,Tuesday,31.67,69.33,792.18,53.69,4.8,75,5.16,1.41,32.62
1.79,1.18,June,Monday,94.84,182.75,518.0,37.77,14.25,41,6.96,0.2,3.0
1.4,7.48,April,Monday,19.32,174.65,254.64,39.95,17.88,49,2.51,0.94,38.43
7.66,7.95,August,Monday,63.43,268.16,125.81,10.02,6.85,65,4.02,5.85,2.1
3.19,5.59,March,Monday,94.69,193.89,343.83,18.67,3.25,68,1.32,5.57,4.16
6.71,2.51,April,Saturday,66.59,199.86,76.97,24.41,17.84,21,3.55,0.98,21.46
3.75,4.78,July,Friday,49.84,257.62,172.82,20.83,10.59,27,4.16,1.68,12.92
1.51,3.95,November,Sunday,22.94,2.06,222.81,36.98,24.77,84,1.37,5.49,5.67
3.11,3.62,December,Tuesday,57.73,81.22,575.86,39.22,16.98,90,7.64,4.86,2.35
6.92,7.88,October,Wednesday,76.62,103.14,778.86,53.53,21.01,61,9.38,4.83,5.74
6.31,2.21,April,Saturday,86.2,218.97,702.08,21.43,22.16,22,5.37,1.0,2.13
1.76,1.65,October,Wednesday,78.46,118.56,479.94,15.97,3.41,32,8.21,4.03,2.82
4.75,4.5,July,Saturday,27.27,270.02,183.82,33.83,22.97,25,5.11,1.86,14.25
3.29,1.8,March,Sunday,79.77,153.59,591.19,17.41,26.61,73,7.11,5.36,0.16
1.81,7.86,May,Tuesday,20.19,249.74,247.56,16.17,2.53,63,6.18,3.85,18.56
3.08,4.01,April,Friday,59.13,250.72,605.19,8.25,20.13,95,8.41,4.37,19.22
2.99,3.39,July,Wednesday,57.44,101.33,76.18,5.55,13.89,65,3.14,2.81,3.08
5.28,7.7,December,Sunday,51.66,201.16,576.93,25.29,5.37,91,8.79,0.94,7.7
2.45,4.23,November,Wednesday,49.86,257.34,319.72,2.23,16.18,26,6.93,1.02,17.62
3.7,8.48,May,Saturday,27.55,126.16,706.48,19.25,8.44,35,6.46,4.36,2.51
6.87,7.24,August,Tuesday,30.19,72.74,537.08,52.28,6.48,47,8.46,0.16,8.64
2.42,6.28,May,Thursday,19.74,2.98,742.18,16.55,30.17,80,4.8,2.97,8.11
7.84,8.58,March,Friday,40.68,63.49,770.99,54.48,2.68,80,1.78,4.32,17.93
5.23,4.76,August,Friday,78.84,200.04,104.9,19.81,30.83,86,7.51,0.46,9.4
8.59,7.09,February,Friday,91.06,254.02,452.91,17.09,27.64,22,1.54,2.15,16.39
1.14,5.25,September,Monday,56.68,172.14,497.19,22.94,32.45,66,1.32,6.07,5.66
6.77,4.35,December,Sunday,40.25,23.83,754.44,54.25,28.25,75,4.07,1.96,3.12
4.14,6.99,March,Thursday,28.69,29.98,742.02,31.29,11.93,38,6.1,1.63,3.49
6.33,6.76,July,Friday,25.26,52.41,161.01,44.54,10.59,46,1.03,6.04,12.39
3.87,3.14,November,Thursday,69.12,117.39,792.87,31.51,12.12,45,5.95,2.67,0.0
1.29,2.83,October,Thursday,82.36,227.3,828.24,46.73,13.88,80,3.26,4.11,25.42
6.4,5.58,August,Friday,24.56,33.96,16.07,4.75,4.62,51,5.19,5.71,2.43
1.76,6.02,April,Friday,29.54,208.09,148.74,7.16,24.04,58,7.48,4.28,3.62
5.16,4.8,March,Monday,87.55,26.73,266.26,18.12,30.06,34,3.38,5.49,5.19
1.6,6.38,March,Monday,27.95,112.42,227.25,15.95,14.52,51,7.31,0.51,6.12
1.19,4.11,May,Thursday,27.92,113.39,325.99,51.91,32.89,69,5.02,0.53,23.98
5.24,5.01,September,Sunday,95.96,256.57,430.33,1.08,18.0,21,6.42,2.95,4.65
3.16,4.08,January,Saturday,79.78,94.95,620.61,35.03,28.79,63,1.22,3.07,3.33
4.17,4.84,August,Friday,59.42,248.45,475.09,34.4,4.59,91,1.53,3.92,7.55
2.09,6.69,February,Monday,84.72,60.12,291.53,6.96,19.77,36,6.1,3.62,10.69
5.79,8.09,May,Monday,62.96,239.68,784.04,40.22,7.67,42,8.74,5.56,16.42
3.32,4.38,March,Saturday,46.05,141.2,292.09,28.91,6.45,93,1.78,2.06,12.51
6.04,6.99,January,Monday,47.85,17.42,224.16,12.62,13.14,76,8.75,5.1,28.83
5.34,5.39,November,Wednesday,42.23,288.07,169.03,43.15,31.2,97,3.45,5.77,37.44
1.66,1.99,February,Monday,20.97,223.26,515.87,43.42,14.58,37,4.11,0.27,22.66
4.91,7.34,August,Saturday,48.08,115.76,473.92,38.06,26.34,59,1.97,1.91,11.93
5.97,5.31,January,Tuesday,55.02,205.0,583.24,13.45,8.92,19,6.04,4.93,28.12
7.02,2.04,July,Saturday,20.88,69.83,629.25,22.84,10.55,59,1.8,0.88,12.66
8.13,4.03,January,Friday,34.47,116.22,245.87,49.76,2.12,16,9.36,2.65,1.7
7.53,8.42,January,Sunday,94.64,243.93,484.66,54.11,16.96,43,2.22,2.24,32.05
3.26,6.8,June,Thursday,21.36,281.85,390.62,21.98,9.25,53,2.85,2.92,13.75
4.65,6.01,January,Sunday,68.98,175.57,359.22,21.37,8.95,27,1.59,0.54,16.68
4.4,1.88,January,Thursday,35.14,121.74,807.22,6.12,3.08,92,7.13,2.96,15.86
1.49,7.75,December,Sunday,77.27,84.14,464.77,17.83,32.52,82,1.1,4.22,7.81
3.4,8.24,December,Friday,19.48,76.01,665.29,27.45,23.2,84,7.29,3.98,30.33
6.87,1.17,June,Monday,92.49,62.48,766.39,46.02,25.99,44,1.82,1.08,22.68
4.78,5.69,October,Sunday,62.45,109.92,683.85,33.91,28.05,84,5.98,2.29,16.83
2.18,1.02,May,Thursday,75.2,134.53,371.51,45.9,17.01,89,1.67,4.14,12.58
5.88,8.35,May,Wednesday,32.59,56.99,360.55,8.32,28.91,91,7.91,0.79,10.21
7.49,8.03,June,Friday,55.1,102.32,220.79,23.89,16.26,33,6.31,5.52,21.1
5.54,7.06,October,Thursday,77.96,268.02,205.03,23.1,2.62,15,7.68,4.9,10.32
6.49,6.13,June,Sunday,28.56,275.57,736.28,30.71,10.0,68,5.6,5.64,1.0
4.66,2.12,November,Sunday,21.69,171.8,687.94,35.21,5.97,86,2.62,3.66,3.15
1.61,7.59,November,Thursday,25.16,55.12,752.6,45.38,6.25,92,6.2,6.22,6.62
8.64,2.39,February,Monday,87.7,80.62,387.44,14.94,31.97,82,8.55,2.76,1.13
6.21,4.34,December,Thursday,53.54,5.05,242.49,27.01,12.58,23,8.99,2.01,17.56
1.84,4.9,January,Saturday,70.54,59.79,549.84,13.49,29.04,53,4.52,1.47,20.84
7.06,4.06,February,Wednesday,53.3,262.45,828.7,46.52,9.51,50,5.49,1.76,10.04
4.34,7.16,January,Saturday,55.57,270.51,282.24,0.72,23.67,71,7.14,5.51,6.05
8.12,5.17,September,Sunday,20.12,118.46,856.31,29.98,10.26,99,6.3,2.06,15.0
3.09,8.46,March,Thursday,86.76,113.47,506.51,0.68,22.34,40,8.23,3.81,31.98
8.25,4.61,September,Tuesday,29.63,127.36,634.89,3.8,9.23,81,4.94,1.4,19.34
4.47,3.12,July,Saturday,61.78,223.58,374.52,46.05,7.86,34,4.7,4.67,33.75
5.55,4.01,February,Monday,19.14,73.91,437.54,12.18,7.48,32,4.72,1.7,21.22
5.76,3.32,November,Monday,59.29,96.21,661.96,51.84,23.96,53,0.99,0.0,2.11
7.41,7.84,October,Wednesday,24.96,140.07,583.25,24.64,30.09,97,8.99,4.83,4.38
7.8,7.55,October,Sunday,83.34,250.34,580.13,7.81,17.2,40,3.89,5.52,4.25
5.78,1.63,December,Friday,85.61,91.98,69.52,47.51,2.44,39,2.39,0.83,0.04
3.03,6.22,June,Tuesday,94.24,95.59,227.24,43.63,26.34,18,7.38,3.5,18.66
5.75,6.16,August,Wednesday,46.98,81.36,444.53,37.34,30.4,99,6.24,1.2,27.39
7.03,5.2,November,Wednesday,45.52,250.86,698.11,51.46,3.51,88,5.21,3.4,12.98
6.81,3.13,June,Friday,27.86,86.38,203.29,39.07,19.74,23,0.72,6.4,7.97
6.88,3.43,September,Sunday,74.06,285.85,29.26,22.92,11.02,92,1.95,3.49,4.95
2.17,8.35,April,Saturday,26.6,278.96,12.7,12.61,27.55,81,5.22,3.64,23.84
3.96,2.09,April,Tuesday,22.18,67.67,829.54,31.04,18.83,79,3.04,1.79,12.3
6.78,6.61,July,Sunday,79.85,11.52,750.99,11.04,27.69,90,5.25,1.38,18.89
2.02,3.36,March,Tuesday,86.94,230.78,209.49,42.33,26.52,83,1.15,4.72,12.58
5.11,3.24,May,Wednesday,31.62,97.91,39.22,3.19,12.05,83,8.33,5.69,7.76
6.81,6.46,October,Saturday,63.21,135.04,141.98,11.86,4.39,62,2.58,2.97,16.59
8.76,1.54,November,Friday,56.88,121.55,65.67,23.25,23.49,90,4.03,4.58,3.39
6.0,1.89,July,Wednesday,54.96,89.94,801.63,26.47,27.26,19,2.75,4.38,11.72
6.83,2.28,February,Tuesday,78.62,136.83,180.32,50.51,32.03,84,0.93,4.35,2.0
2.01,4.44,August,Sunday,83.57,172.83,656.57,30.28,24.1,34,7.36,5.68,4.96
3.28,4.67,May,Wednesday,71.57,190.02,169.12,51.75,2.22,70,9.16,0.04,0.44
8.14,4.27,September,Wednesday,44.38,230.77,115.94,12.04,24.73,29,1.81,4.86,2.29
4.47,1.18,May,Wednesday,63.02,184.15,490.47,15.89,30.36,20,3.9,0.38,14.95
5.31,3.58,April,Thursday,36.06,241.68,341.95,24.28,11.95,73,9.19,3.42,11.4
7.18,4.05,May,Monday,29.23,94.51,79.05,18.64,2.12,68,7.98,1.0,3.94
4.77,3.69,September,Sunday,46.81,282.64,715.78,45.88,8.79,68,5.45,1.29,12.18
1.18,4.79,September,Friday,72.12,185.32,496.76,55.74,4.0,45,4.96,3.19,4.51
2.33,2.03,May,Friday,83.18,222.51,699.93,53.36,17.5,72,3.85,1.54,21.66
4.35,7.61,April,Thursday,88.78,205.09,537.83,0.7,20.64,66,4.5,1.79,1.5
7.66,3.79,December,Saturday,48.07,35.44,523.15,22.53,12.55,66,1.1,5.57,16.67
3.2,2.52,October,Tuesday,35.08,202.52,815.77,9.44,8.76,20,1.34,5.9,20.71
5.57,7.44,July,Friday,90.2,46.78,168.69,25.73,8.36,55,8.85,4.31,16.48
3.29,8.54,June,Monday,59.97,93.72,848.37,54.01,18.13,47,4.81,1.41,0.62
1.81,5.5,August,Friday,63.36,245.17,288.01,3.13,5.69,53,3.95,0.89,11.6
7.22,8.03,December,Tuesday,38.66,5.66,300.33,50.61,6.89,88,6.73,1.92,3.56
3.53,5.05,October,Friday,67.47,269.89,170.96,43.79,27.81,69,7.23,0.13,19.25
4.5,3.12,July,Tuesday,28.04,105.87,170.03,43.35,28.12,97,2.27,5.58,22.75
2.43,5.74,October,Monday,58.28,86.12,233.52,5.61,12.86,70,5.3,4.28,18.51
2.26,6.64,September,Wednesday,91.82,97.15,659.59,9.74,13.93,72,1.97,3.16,11.03
7.71,3.31,December,Sunday,74.54,67.48,695.28,10.96,15.75,72,6.65,0.01,12.54
7.24,6.26,August,Tuesday,86.33,115.58,437.19,52.86,6.92,41,1.04,2.73,11.79
5.26,6.59,April,Friday,20.93,130.63,357.74,46.5,9.98,43,0.78,4.76,5.98
6.22,8.2,October,Thursday,68.87,193.42,761.72,37.28,17.54,87,2.4,4.92,24.74
4.05,7.26,October,Friday,48.94,108.87,634.94,48.14,17.3,65,2.65,2.47,20.54
6.45,7.08,March,Tuesday,33.53,215.25,90.3,44.08,2.3,24,8.39,4.63,3.45
2.61,6.17,November,Monday,84.98,21.09,640.81,25.54,27.6,51,0.44,5.5,17.66
4.4,1.08,November,Friday,92.2,175.18,157.28,29.56,18.71,16,7.48,0.73,3.2
8.45,4.6,June,Thursday,78.32,224.84,248.72,37.74,24.43,28,9.08,0.56,21.06
6.55,7.39,April,Monday,59.52,41.4,332.89,43.0,6.89,66,1.36,2.74,5.47
3.37,8.09,November,Wednesday,50.33,291.0,838.6,14.95,17.47,80,6.1,6.35,2.83
3.07,4.92,February,Friday,26.36,17.82,243.08,28.99,14.27,53,8.56,2.05,10.78
1.41,1.22,October,Thursday,68.08,197.73,205.61,15.09,18.42,56,4.33,0.31,28.6
6.74,2.16,February,Monday,43.46,97.51,376.88,35.31,26.97,36,0.55,1.2,44.65
7.31,1.0,March,Monday,55.55,140.38,702.07,39.33,30.53,43,1.18,6.35,35.5
2.13,5.96,July,Thursday,93.86,275.5,495.17,30.56,8.4,50,3.92,4.25,7.28
4.05,8.31,November,Sunday,93.05,96.59,680.56,47.9,26.23,59,2.22,1.17,9.01
3.17,6.1,May,Sunday,55.2,274.92,597.45,0.7,25.11,97,7.19,0.7,33.41
1.55,2.67,May,Saturday,94.49,276.46,174.13,9.22,13.69,73,7.82,0.32,0.71
2.78,3.01,June,Sunday,34.77,230.02,488.62,6.79,13.71,86,1.7,4.69,3.31
4.73,5.52,April,Saturday,95.75,233.31,134.71,1.57,2.63,96,5.13,6.38,0.53
5.09,3.28,June,Tuesday,54.59,108.57,588.74,17.26,22.52,87,0.85,6.01,24.73
4.85,8.14,December,Friday,19.86,108.86,519.27,25.62,13.74,62,3.51,3.97,2.03
1.71,8.89,August,Sunday,79.22,240.41,676.43,20.15,20.58,84,4.83,4.76,15.81
7.12,4.28,January,Friday,86.5,134.07,412.5,19.84,22.68,64,8.27,0.82,15.03
4.93,1.35,March,Sunday,65.51,126.0,809.02,37.34,8.92,86,8.53,4.31,22.84
1.92,5.4,January,Sunday,73.07,186.7,527.65,18.17,20.23,25,1.79,0.63,23.19
2.11,1.61,October,Sunday,39.93,25.87,127.97,49.75,31.86,63,5.14,4.02,10.71
4.83,1.36,January,Wednesday,58.62,152.89,776.74,13.88,22.35,42,2.88,4.18,3.43
5.73,2.31,November,Tuesday,92.61,86.23,807.84,19.4,5.48,92,3.45,3.16,10.27
8.75,2.16,December,Sunday,93.43,33.97,330.13,27.66,22.43,83,2.51,5.01,2.56
8.8,5.88,March,Thursday,55.99,242.37,16.03,0.32,5.49,19,6.68,6.01,14.83
8.27,3.25,September,Wednesday,95.98,204.88,322.41,45.96,5.3,71,5.5,5.44,15.3
1.49,6.58,June,Wednesday,51.8,67.86,332.78,50.05,6.95,33,1.91,3.86,0.61
4.77,1.18,July,Sunday,50.77,188.31,630.05,22.75,15.08,45,5.36,0.02,13.35
6.2,6.98,January,Saturday,19.35,263.38,277.92,31.85,6.11,94,1.93,3.05,20.02
7.69,7.28,December,Monday,40.63,213.84,298.55,14.91,20.52,55,8.69,1.9,1.76
6.05,2.83,August,Sunday,78.8,169.52,270.75,10.31,22.29,42,2.24,2.69,1.39
5.46,1.37,August,Friday,35.87,228.85,714.54,54.33,12.39,35,5.8,6.12,7.0
4.85,7.26,December,Monday,35.8,232.15,825.41,16.06,27.56,52,7.87,0.76,5.16
8.55,6.28,June,Sunday,28.76,66.07,826.16,32.34,11.97,48,5.96,0.82,5.01
1.04,8.17,May,Monday,24.11,218.94,554.24,36.57,14.26,30,1.42,0.74,1.73
7.13,1.58,September,Tuesday,65.56,128.81,293.38,45.57,12.75,82,9.09,2.65,7.35
5.75,3.77,February,Friday,74.62,101.44,538.23,19.73,20.82,66,1.44,6.12,2.97
5.67,8.97,November,Wednesday,74.21,77.77,204.7,12.17,20.63,49,1.24,0.17,5.09
6.38,3.75,September,Monday,27.27,76.99,458.7,49.55,21.15,44,3.59,3.44,28.44
2.07,5.11,April,Saturday,52.85,128.73,860.46,54.97,16.4,53,1.86,4.13,8.11
1.67,2.22,June,Thursday,18.8,106.32,301.71,15.36,18.84,74,1.19,3.05,3.9
1.45,4.79,November,Tuesday,49.54,180.96,96.94,32.57,10.04,78,8.78,0.13,11.55
8.01,1.71,April,Friday,84.53,166.88,254.19,33.36,4.41,87,5.95,1.11,3.04
6.64,5.07,April,Monday,72.43,152.2,792.36,54.44,8.32,40,6.89,2.65,14.26
6.48,4.98,June,Monday,86.33,201.54,802.07,22.53,28.74,40,2.32,1.42,10.74
5.75,6.32,April,Wednesday,92.9,100.72,551.89,12.15,2.58,47,3.13,1.96,31.67
3.86,5.02,October,Monday,79.72,34.09,710.15,20.01,17.71,39,6.9,6.11,21.4
4.57,6.37,September,Sunday,87.91,124.1,73.87,55.24,9.28,38,3.15,2.2,2.2
5.71,3.97,April,Sunday,80.07,224.32,80.35,50.83,9.82,97,6.03,3.43,26.98
1.49,7.35,July,Tuesday,37.14,52.55,329.42,41.41,32.79,56,7.26,2.39,1.97
5.84,5.58,October,Friday,24.87,174.02,471.05,28.75,16.48,31,6.52,5.24,0.49
5.04,5.3,May,Tuesday,79.84,165.97,339.54,3.18,16.65,16,5.76,0.52,4.14
7.32,8.9,December,Thursday,32.66,41.83,560.87,19.37,11.25,79,5.34,0.71,17.94
5.17,7.39,April,Friday,19.96,96.86,846.4,52.56,31.54,54,9.29,2.97,1.14
7.49,8.46,May,Thursday,82.2,254.8,662.96,13.91,16.72,99,7.55,3.51,36.44
2.75,3.28,January,Friday,46.39,104.79,440.05,13.41,14.33,80,8.4,3.91,17.2
8.83,7.69,January,Monday,38.86,201.88,352.19,55.65,19.47,23,3.44,5.42,12.81
6.17,8.83,October,Sunday,31.43,131.21,355.81,28.8,9.34,42,0.78,5.13,1.97
2.35,5.03,December,Wednesday,68.23,196.9,413.07,32.0,3.48,32,6.24,0.74,22.85
3.34,2.79,January,Sunday,69.09,212.07,281.72,28.57,15.2,41,2.02,4.47,24.17
2.68,7.92,October,Friday,55.62,125.13,19.37,17.91,21.05,43,2.73,0.01,9.99
6.66,1.82,June,Monday,87.1,17.63,193.44,23.01,8.89,54,3.31,2.73,0.84
3.62,7.3,November,Thursday,91.9,275.4,599.67,7.26,6.63,70,7.76,0.7,31.82
2.05,4.79,August,Friday,65.48,255.95,262.99,12.27,21.71,66,8.86,1.42,3.66
2.51,7.65,November,Thursday,22.71,190.19,114.82,24.75,14.53,68,4.82,0.74,13.42
7.95,8.12,November,Saturday,38.07,272.29,348.76,32.15,28.28,61,2.04,0.25,8.24
3.34,8.7,February,Sunday,72.05,165.47,536.24,26.16,30.01,72,5.92,2.27,32.24
3.08,2.56,April,Wednesday,57.2,156.59,798.86,8.18,29.7,59,3.52,2.11,20.34
3.39,6.46,June,Saturday,55.58,222.4,323.8,20.49,12.44,38,4.31,2.76,0.7
3.73,8.01,December,Monday,47.66,34.78,402.61,29.62,23.32,98,3.2,2.77,15.94
1.28,2.85,December,Monday,91.4,65.9,556.41,52.72,32.66,19,2.08,5.91,21.96
6.6,4.66,March,Friday,92.68,176.13,485.74,24.2,8.77,56,6.54,0.01,3.56
7.0,1.43,March,Sunday,76.53,236.94,227.91,21.42,18.05,49,6.2,4.23,15.22
3.19,3.72,July,Wednesday,41.0,73.86,738.36,24.4,13.2,32,9.04,3.26,25.96
1.3,1.6,June,Wednesday,24.11,141.78,312.75,55.49,24.59,86,4.72,1.14,20.23
7.28,7.6,August,Sunday,71.51,79.29,183.08,34.54,30.19,15,0.48,1.07,16.78
7.3,7.9,December,Thursday,65.09,73.39,346.66,37.71,10.41,68,3.15,6.39,19.94
7.36,1.74,August,Sunday,42.38,9.4,574.75,15.22,31.78,30,6.83,1.18,17.03
3.64,5.11,April,Friday,58.59,269.57,724.73,48.67,25.3,91,1.17,2.38,0.44
3.7,5.48,July,Friday,80.22,287.2,630.01,49.42,19.78,87,3.5,1.01,7.37
8.55,1.3,November,Friday,85.17,234.05,692.16,9.88,26.99,75,6.1,1.7,9.19
6.81,7.31,January,Saturday,25.27,160.75,481.12,3.3,4.22,93,5.86,3.09,20.7
2.88,5.82,October,Friday,39.69,220.7,437.91,17.15,16.5,61,3.17,6.07,5.48
1.59,3.76,November,Friday,94.17,96.37,586.21,23.58,11.8,76,7.6,1.67,17.94
3.68,6.91,October,Wednesday,94.75,116.4,295.62,6.76,28.83,77,1.08,2.58,9.48
3.83,6.32,September,Monday,25.91,15.74,818.29,23.65,16.13,53,0.99,1.49,2.72
8.5,8.09,July,Thursday,86.84,59.11,391.33,3.24,25.14,72,8.32,1.26,21.35
2.37,8.52,November,Wednesday,72.95,19.52,105.48,16.71,11.85,85,4.46,5.67,7.1
2.62,9.0,November,Tuesday,52.24,282.51,107.25,22.72,22.75,47,4.65,0.14,5.34
7.68,1.65,March,Friday,95.07,227.66,226.06,28.4,10.55,29,5.93,2.52,0.1
2.1,2.77,August,Sunday,49.27,88.45,234.55,38.72,17.93,65,1.68,5.42,7.56
8.74,7.9,July,Saturday,34.51,278.77,14.98,41.3,28.63,96,7.09,5.71,9.77
2.54,6.22,November,Monday,75.56,46.2,256.49,7.12,10.02,34,6.41,4.66,33.9
1.49,6.82,October,Friday,70.25,5.54,667.39,16.81,28.42,62,2.31,4.67,17.56
1.01,4.02,June,Tuesday,43.35,70.61,398.99,12.34,25.71,80,3.21,3.81,9.64
2.5,4.95,February,Wednesday,48.88,241.19,715.18,48.83,11.13,16,0.91,2.27,8.4
3.64,1.7,November,Tuesday,80.44,1.23,669.77,55.6,17.97,91,7.05,1.57,13.57
2.51,7.89,February,Thursday,47.19,108.26,732.99,2.94,25.54,65,2.78,6.09,19.29
4.56,5.11,January,Monday,84.05,216.43,136.13,37.77,7.41,85,5.7,2.0,14.91
8.47,8.67,December,Saturday,82.42,116.13,723.23,27.33,21.53,88,4.8,3.27,16.2
6.14,5.64,February,Sunday,87.44,150.48,341.75,54.83,17.61,29,0.79,1.26,14.41
7.64,8.25,December,Thursday,23.46,94.8,390.79,7.33,21.37,24,0.46,5.13,0.6
4.94,5.62,May,Wednesday,18.93,37.22,737.93,55.72,26.29,55,8.99,0.1,6.08
7.11,1.36,December,Sunday,68.22,43.32,407.06,43.52,29.24,23,6.39,1.91,33.73
6.64,8.7,November,Sunday,94.57,253.39,167.39,31.46,32.01,37,6.3,4.25,9.73
2.88,5.14,April,Thursday,77.09,99.65,507.13,24.25,18.18,26,7.2,5.83,17.55
6.22,6.57,May,Wednesday,72.26,214.93,750.71,52.83,9.8,61,3.58,0.46,0.59
8.98,8.73,March,Monday,27.0,73.61,545.46,26.31,19.59,92,1.15,4.99,6.29
4.39,7.93,August,Tuesday,70.25,216.86,824.35,30.16,26.15,71,6.46,1.25,19.35
2.07,5.81,July,Monday,83.84,40.53,402.26,22.49,30.85,100,6.57,5.29,4.19
3.42,5.36,November,Tuesday,72.66,69.54,41.91,16.07,22.37,66,7.76,6.17,19.72
7.19,1.24,April,Wednesday,34.49,247.94,614.99,43.53,26.62,24,8.2,0.98,2.6
2.0,4.52,January,Monday,71.46,41.55,315.5,43.64,25.77,59,9.06,5.31,9.19
6.92,8.85,July,Monday,56.81,145.6,253.69,16.59,19.4,71,6.63,1.41,10.71
8.47,8.04,May,Saturday,33.41,44.58,548.33,8.31,31.06,38,5.24,1.67,9.66
2.88,1.82,September,Sunday,45.44,57.72,814.53,31.75,21.72,16,5.91,3.25,11.15
6.0,2.5,December,Sunday,41.11,250.87,816.82,24.02,6.48,24,6.24,1.12,16.27
5.76,6.76,February,Monday,59.35,110.05,759.36,12.26,17.89,29,7.68,2.68,4.91
6.59,1.96,March,Wednesday,81.67,157.31,648.71,26.25,17.0,19,6.49,4.24,2.08
1.11,7.08,March,Saturday,40.08,27.24,546.49,43.65,30.05,63,6.72,4.16,0.56
8.52,2.93,February,Monday,40.41,260.27,282.08,28.38,6.39,20,7.92,2.4,0.48
4.02,7.48,January,Friday,85.77,103.08,228.3,13.51,27.8,46,3.64,2.87,21.42
6.14,8.17,May,Saturday,20.88,9.29,234.88,40.37,26.56,88,5.51,3.65,11.23
8.62,2.67,December,Thursday,90.98,183.61,264.52,8.68,18.75,65,4.45,0.38,4.77
3.1,2.25,April,Friday,28.3,264.32,40.6,44.3,19.81,50,5.02,1.43,9.68
4.44,7.72,May,Friday,85.2,164.46,748.71,26.93,23.55,23,2.32,1.5,13.52
6.77,7.07,May,Tuesday,37.18,279.41,430.72,24.4,12.88,53,5.48,0.91,12.32
6.46,4.0,November,Monday,84.23,271.3,149.05,40.47,2.77,38,1.12,5.38,14.37
3.76,3.48,June,Tuesday,74.57,58.22,781.09,37.78,22.01,27,4.53,1.66,12.4
3.41,2.71,January,Wednesday,66.56,4.73,634.81,7.72,14.27,54,5.67,4.3,1.36
8.25,1.83,January,Sunday,65.67,54.14,731.52,2.04,27.55,80,8.47,3.45,24.03
6.03,4.85,September,Tuesday,19.17,284.81,800.58,12.25,19.67,97,7.71,1.7,3.73
4.76,8.54,February,Monday,30.03,66.67,455.75,37.57,26.27,52,8.24,5.37,21.97
2.48,7.82,September,Sunday,87.48,30.61,584.78,20.71,2.26,53,2.17,2.39,13.93
4.96,4.85,January,Friday,37.58,202.35,782.78,4.99,4.59,59,8.01,5.27,2.88
2.66,2.61,March,Thursday,49.87,231.78,16.7,14.46,13.87,32,8.92,6.3,27.95
7.11,5.01,May,Monday,84.54,17.21,354.95,3.82,25.38,99,7.6,4.46,21.42
4.74,3.93,September,Monday,50.64,224.05,99.5,44.16,23.42,72,5.57,0.67,11.45
1.47,3.43,June,Saturday,20.98,148.76,744.84,38.26,22.81,22,0.78,1.58,23.22
1.74,2.45,November,Saturday,32.87,114.85,55.99,22.28,3.7,67,9.26,1.51,20.89
1.23,7.14,June,Friday,94.96,148.72,319.83,50.25,18.83,36,7.59,0.62,6.39
4.7,4.55,August,Thursday,50.15,113.35,513.45,32.23,23.29,94,4.32,2.56,5.41
2.97,5.61,October,Tuesday,50.68,160.82,416.77,46.28,10.86,25,6.86,3.87,21.26
4.08,4.58,September,Thursday,69.77,252.44,776.66,55.37,8.75,65,3.87,2.13,27.99
5.85,1.35,May,Monday,38.8,242.59,534.87,44.32,20.84,97,3.7,4.02,20.54
1.09,1.52,August,Saturday,71.0,202.66,512.82,54.61,13.12,86,7.71,2.51,10.7
6.46,4.71,January,Sunday,61.93,5.91,243.46,5.26,23.56,80,5.26,4.04,14.95
4.87,8.87,October,Saturday,25.17,114.19,324.94,53.11,17.34,86,5.57,3.63,17.83
8.16,4.48,February,Friday,40.26,244.62,565.66,23.0,14.79,41,6.0,1.02,6.19
5.8,7.01,March,Wednesday,68.79,35.06,233.22,47.57,31.91,67,1.72,4.94,5.59
6.43,4.07,July,Thursday,54.8,52.48,244.18,51.37,30.24,38,4.35,5.02,15.68
7.47,4.95,January,Wednesday,64.02,110.78,20.24,19.07,15.78,72,0.4,3.26,39.79
4.36,1.45,July,Saturday,46.91,32.63,712.41,34.51,4.63,53,6.18,2.32,11.35
3.17,1.02,January,Sunday,58.49,50.71,239.64,33.78,23.49,93,6.25,2.88,17.05
8.11,5.25,May,Monday,87.12,272.07,541.58,49.61,28.24,33,5.95,2.97,14.69
4.44,8.55,July,Thursday,26.62,259.09,571.66,1.15,18.43,78,5.18,4.82,20.98
7.01,5.74,May,Thursday,57.2,212.19,334.84,14.99,23.78,69,2.24,3.84,10.16
5.06,8.94,November,Tuesday,87.12,154.82,567.35,9.54,22.61,90,7.97,3.88,0.06
7.21,8.17,January,Sunday,63.85,114.12,771.18,8.9,32.91,22,1.04,2.36,6.54
3.1,7.06,April,Saturday,53.61,256.63,509.92,48.08,15.67,29,3.75,0.73,1.16
4.4,6.74,June,Wednesday,27.94,269.28,45.07,2.8,20.07,68,7.94,5.25,4.03
5.86,2.16,January,Wednesday,51.81,191.84,701.19,24.46,8.23,48,9.03,6.16,19.37
5.33,7.11,March,Friday,88.08,207.45,338.28,49.14,22.3,84,6.58,6.31,6.3
1.03,2.03,July,Saturday,70.84,68.45,814.42,9.23,2.24,84,3.4,0.12,25.5
8.77,6.42,September,Tuesday,28.73,141.27,403.76,50.58,10.65,20,3.98,1.77,23.61
7.88,4.54,March,Friday,82.19,169.91,836.62,55.43,17.28,32,6.04,6.25,6.87
7.24,6.36,November,Sunday,38.07,154.3,459.26,15.73,26.83,70,2.26,1.98,5.59
1.29,6.76,January,Thursday,27.53,192.71,439.46,6.47,3.08,62,6.07,1.58,19.9
5.85,2.01,March,Wednesday,45.96,193.01,727.33,22.8,22.46,42,7.24,2.32,8.18
5.66,1.17,October,Saturday,41.53,125.04,504.4,51.45,24.6,58,7.29,5.7,6.01
2.26,6.12,March,Monday,86.48,85.16,191.04,49.27,17.41,87,1.23,5.05,17.57
3.88,2.42,December,Sunday,29.19,141.91,134.01,54.58,32.25,15,8.97,5.16,2.01
3.71,5.22,May,Monday,69.88,80.52,768.33,27.07,11.88,49,7.06,1.93,3.18
5.87,5.8,December,Wednesday,79.47,118.79,843.46,3.75,21.42,97,7.57,0.75,9.3
7.13,8.5,February,Monday,69.91,72.35,416.64,50.94,18.28,93,5.56,4.64,14.95
3.13,2.15,May,Tuesday,38.88,277.68,55.19,31.07,11.5,49,2.52,1.8,16.53
3.62,3.25,January,Saturday,47.87,212.13,506.38,20.06,21.62,24,5.24,1.54,8.28
3.02,4.04,April,Sunday,23.81,96.5,805.05,7.5,12.75,31,4.8,0.86,7.34
5.7,3.2,May,Saturday,66.99,170.32,351.26,43.24,9.18,24,7.0,5.16,17.54
8.21,8.15,July,Tuesday,81.75,164.49,202.26,27.13,11.17,23,0.46,0.88,1.49
5.37,4.92,January,Monday,47.67,122.41,75.67,32.06,26.89,82,3.13,2.9,7.12
7.15,6.18,December,Monday,81.96,259.8,221.14,45.58,4.67,93,6.91,0.56,1.12
7.45,7.83,August,Saturday,19.96,96.21,45.85,47.31,3.92,18,4.7,4.34,8.79
7.67,4.73,October,Tuesday,66.72,61.71,587.23,19.07,23.31,29,9.03,3.65,17.38
1.15,1.33,November,Tuesday,40.04,52.16,26.78,22.06,16.86,37,2.83,4.95,21.32
4.75,4.81,March,Friday,87.66,265.87,361.14,49.01,18.84,59,8.99,6.34,1.92
8.41,3.28,November,Monday,20.5,89.01,138.64,18.75,28.27,62,3.98,2.39,24.07
7.36,1.23,February,Monday,40.12,208.46,540.74,28.02,9.37,19,2.03,1.43,53.98
7.33,7.24,July,Monday,65.22,250.86,718.49,5.55,27.04,89,7.31,3.44,23.31
4.22,2.42,July,Sunday,21.3,208.07,743.23,26.22,20.99,76,2.31,5.08,3.21
5.03,6.31,April,Monday,81.36,183.95,76.96,13.29,9.32,84,7.12,5.0,1.16
4.25,5.91,November,Monday,81.47,197.63,554.23,3.27,7.25,48,7.95,3.32,8.24
5.19,1.52,September,Friday,29.12,55.02,293.86,44.03,22.86,95,2.12,0.75,17.94
7.3,3.22,March,Wednesday,66.4,115.18,722.64,40.78,13.77,94,8.76,4.22,10.63
8.59,2.9,September,Saturday,59.23,16.11,804.48,5.96,11.87,62,0.94,4.17,0.53
8.52,2.49,August,Sunday,59.38,229.11,404.0,36.66,31.87,51,6.26,2.46,1.72
2.36,6.32,August,Friday,60.39,278.03,477.44,44.93,25.24,35,3.61,3.02,20.39
6.06,5.16,April,Friday,71.78,175.35,79.85,39.74,25.9,94,5.67,3.19,4.59
3.87,8.48,January,Sunday,58.3,16.41,578.53,38.42,26.97,87,9.11,4.4,7.29
5.32,7.57,April,Sunday,50.66,244.55,560.47,42.74,21.2,50,7.53,3.59,18.62
6.02,7.08,June,Monday,75.13,243.44,491.17,14.87,2.03,53,6.15,2.83,3.17
7.2,8.0,June,Monday,27.52,116.26,351.47,40.53,12.5,18,7.0,1.36,13.67
1.71,8.43,October,Sunday,56.22,177.87,326.89,5.41,2.5,47,6.17,3.01,1.28
1.04,7.09,December,Tuesday,45.91,166.59,518.99,51.56,15.3,42,6.48,0.26,1.53
2.1,3.3,October,Saturday,77.19,137.56,565.72,17.12,14.87,80,2.54,0.78,1.42
3.91,1.31,September,Wednesday,58.08,3.23,639.89,1.69,18.19,57,2.11,3.96,10.07
4.9,7.17,February,Thursday,85.53,272.45,89.77,42.01,25.72,91,1.94,3.11,12.1
3.28,5.68,February,Friday,62.44,33.23,205.89,33.17,5.76,73,1.82,6.22,32.25
4.4,1.29,April,Saturday,46.34,127.41,603.38,54.66,11.21,54,5.36,3.05,14.58
4.05,8.81,May,Friday,30.82,118.26,106.13,5.2,15.04,17,4.76,5.14,1.99
1.81,3.92,July,Friday,34.02,265.02,152.62,35.45,23.69,49,3.83,3.11,12.22
6.95,1.93,July,Sunday,34.04,81.03,395.87,23.19,26.2,39,3.07,4.99,12.35
8.35,8.31,December,Wednesday,55.52,161.32,431.99,38.61,15.1,59,1.36,3.74,20.68
8.76,1.0,December,Friday,87.43,217.16,287.26,14.7,10.65,46,5.89,6.05,10.98
1.69,1.11,July,Friday,48.58,152.67,142.57,42.59,10.83,15,4.94,2.35,33.19
8.73,1.97,October,Monday,83.04,262.74,648.77,35.09,12.61,66,9.3,3.59,13.87
6.8,4.0,August,Friday,72.85,156.47,175.72,25.96,13.03,96,1.1,0.28,4.5
3.79,1.14,July,Sunday,84.87,157.07,763.61,48.58,28.71,89,8.88,2.76,4.59
3.01,4.89,April,Thursday,85.92,103.55,374.21,11.68,16.79,99,4.85,4.38,19.2
4.5,6.7,February,Thursday,79.1,135.32,221.22,45.1,8.22,74,1.4,3.42,8.99
7.0,8.87,June,Thursday,76.3,51.29,60.06,38.37,32.83,32,7.54,1.49,7.73
7.73,3.73,May,Friday,30.22,117.2,669.6,23.56,11.46,56,1.2,1.81,3.38
1.34,6.76,January,Thursday,28.59,21.26,778.94,25.52,3.07,63,5.45,0.13,26.76
2.7,3.13,October,Wednesday,27.73,66.67,591.13,50.09,4.56,46,2.05,1.09,23.02
3.13,5.86,January,Thursday,91.03,95.89,177.5,49.28,15.49,55,3.29,1.93,26.82
6.92,2.23,December,Monday,85.27,201.4,499.97,7.0,22.49,85,5.42,2.48,20.02
7.85,4.15,August,Friday,68.15,283.69,9.22,20.21,31.79,54,4.98,3.59,5.27
2.9,1.02,June,Wednesday,61.72,125.61,112.46,49.1,22.67,16,3.8,4.78,14.18
1.57,2.94,September,Friday,33.38,104.48,274.3,36.88,17.95,20,5.01,2.4,8.18
4.99,8.32,June,Friday,60.77,241.95,856.2,9.4,10.64,43,6.84,4.62,5.77
3.28,5.97,November,Saturday,32.41,218.48,579.32,42.81,28.22,92,8.83,4.49,11.77
7.32,2.16,August,Friday,87.58,189.91,855.59,28.66,22.47,39,6.32,6.21,12.63
7.64,7.53,December,Saturday,20.99,10.67,780.48,51.88,28.53,83,6.49,5.14,2.87
8.75,3.23,October,Monday,38.65,279.79,244.41,10.98,16.61,52,0.46,3.74,23.13
6.17,3.24,July,Sunday,20.58,44.69,412.0,12.55,31.96,85,2.82,5.52,17.89
2.67,5.23,July,Thursday,31.78,101.91,303.39,29.05,12.51,46,6.93,1.74,25.88
8.3,1.15,November,Sunday,95.62,212.3,589.24,48.4,26.13,84,7.44,6.4,3.54
2.98,3.08,March,Saturday,27.96,274.48,237.41,50.65,11.7,81,8.62,1.7,23.83
2.37,4.18,September,Tuesday,84.08,55.51,50.41,11.93,24.48,71,2.55,1.5,3.69
7.07,5.66,August,Wednesday,20.13,53.25,833.44,32.34,24.67,84,2.97,1.7,19.44
2.08,7.33,September,Tuesday,26.3,110.73,388.98,16.91,17.06,29,1.7,1.28,1.95
7.04,7.75,October,Tuesday,63.21,38.51,841.86,33.38,16.57,97,3.52,4.4,19.4
6.35,6.51,May,Wednesday,48.89,92.68,259.6,50.95,7.94,75,5.4,0.15,11.93
8.08,6.61,May,Monday,31.99,207.68,607.51,52.83,6.84,16,5.77,2.11,17.33
1.37,2.63,January,Saturday,91.13,121.28,695.75,0.77,26.27,42,7.56,1.23,11.94
5.97,3.79,September,Thursday,85.46,160.85,509.91,56.09,8.4,20,1.86,4.5,4.5
5.59,7.61,March,Saturday,44.54,102.14,351.23,8.33,15.83,95,3.46,6.1,9.57
6.77,4.23,October,Thursday,71.35,137.18,206.68,17.68,8.59,56,4.63,0.44,4.36
5.05,1.6,November,Friday,44.33,124.55,85.6,28.26,9.95,45,6.21,0.21,2.55
1.68,7.64,August,Saturday,92.86,144.78,24.57,55.77,25.76,23,0.89,1.79,3.0
3.2,5.02,July,Saturday,51.78,266.14,627.36,46.03,22.78,71,4.81,0.71,15.51
8.35,1.83,October,Thursday,83.04,181.13,202.06,49.0,12.85,100,7.81,3.87,2.57
1.48,6.59,August,Thursday,83.17,21.34,299.58,48.22,18.51,43,3.3,2.52,17.05
3.3,6.35,January,Friday,20.33,274.46,776.97,32.89,28.12,99,3.05,6.24,12.45
3.0,8.52,June,Thursday,87.58,124.15,708.28,35.19,8.11,68,4.31,3.88,20.6
4.0,7.0,February,Tuesday,43.84,223.07,48.61,52.43,16.72,75,0.83,4.25,0.67
2.73,7.11,December,Wednesday,48.79,152.78,827.37,0.58,20.78,51,1.69,3.22,5.32
3.05,4.64,May,Monday,53.67,160.82,77.47,4.19,3.16,59,1.7,2.7,20.93
8.61,7.67,July,Tuesday,88.75,9.56,368.65,6.44,10.7,52,5.92,4.34,2.35
4.83,4.06,January,Monday,87.13,264.94,178.77,30.6,4.69,61,9.4,5.7,5.69
7.11,4.81,January,Thursday,47.68,274.49,410.37,14.96,7.35,69,8.59,4.31,16.14
6.95,4.02,February,Wednesday,19.02,283.95,407.15,38.63,15.43,64,7.08,2.27,26.87
8.54,3.35,January,Friday,66.05,140.58,836.85,44.57,24.57,93,4.89,3.17,6.81
2.92,2.49,January,Saturday,29.03,275.12,577.35,54.26,14.68,27,6.08,4.19,29.55
5.7,5.56,July,Wednesday,61.3,70.67,481.84,17.81,5.69,61,2.87,3.49,2.38
5.64,3.18,January,Saturday,45.97,106.02,218.15,37.83,8.3,78,5.39,5.65,12.15
5.45,7.06,March,Sunday,54.19,236.72,849.61,35.29,23.25,69,7.5,1.64,3.87
5.6,8.95,August,Monday,51.09,51.53,784.24,32.84,28.0,53,5.19,3.3,21.32
5.98,6.31,May,Saturday,52.56,216.66,580.79,30.21,24.95,16,8.61,3.4,0.3
3.92,1.74,September,Monday,54.71,256.68,80.9,18.4,7.09,25,4.25,4.45,42.81
8.53,5.37,June,Thursday,52.01,67.56,273.89,10.41,18.22,75,1.95,5.03,13.05
8.26,3.83,October,Thursday,62.37,16.64,541.66,24.9,4.35,19,5.92,5.67,8.5
3.87,1.22,October,Saturday,80.31,276.08,488.94,26.87,19.85,50,7.74,0.18,19.62
6.38,7.15,January,Friday,53.23,118.49,597.46,13.98,27.52,26,3.67,2.94,13.4
8.24,7.33,November,Sunday,92.49,81.26,148.62,29.43,26.06,99,5.99,3.13,3.49
6.03,3.81,January,Thursday,19.22,280.56,836.39,33.8,9.5,35,2.92,5.74,19.72
2.85,2.37,July,Sunday,41.94,56.2,60.17,33.84,7.77,18,2.78,1.21,7.79
3.77,7.8,July,Saturday,38.11,154.9,651.48,13.6,28.83,18,4.84,1.89,16.52
7.83,2.63,December,Wednesday,35.75,170.62,26.37,9.23,24.05,73,0.46,2.88,22.31
4.85,2.53,March,Wednesday,84.04,143.55,538.15,53.26,18.19,56,7.83,3.65,6.53
