Student_ID,GRE Score,TOEFL Score,University Rating,SOP,LOR,CGPA,Research,Chance of Admit
STU1000,301,101,4,2.4,1.6,8.1,1,0.817
STU1001,313,95,3,2.4,1.1,8.82,0,0.749
STU1002,316,90,4,4.6,1.7,8.36,1,0.803
STU1003,321,111,5,1.3,1.4,8.94,0,0.757
STU1004,313,99,5,1.5,3.3,8.32,0,0.796
STU1005,311,101,5,3.7,4.9,8.09,1,0.845
STU1006,311,99,2,4.5,3.6,9.11,0,0.809
STU1007,309,109,1,3.0,4.4,9.36,0,0.799
STU1008,313,105,3,1.5,2.2,8.56,0,0.712
STU1009,323,100,4,2.9,2.5,9.04,0,0.782
STU1010,309,105,2,3.9,4.7,6.96,0,0.757
STU1011,311,105,3,2.8,4.9,7.73,0,0.781
STU1012,308,91,5,2.1,4.7,9.52,0,0.858
STU1013,321,110,3,3.0,1.8,7.39,0,0.749
STU1014,307,108,3,4.1,3.1,9.24,0,0.819
STU1015,318,113,3,2.8,4.1,8.93,0,0.726
STU1016,325,90,1,4.8,1.4,7.85,0,0.721
STU1017,290,110,1,2.6,2.5,8.98,0,0.718
STU1018,327,120,1,2.1,4.0,7.47,0,0.73
STU1019,311,107,1,4.6,2.9,8.74,1,0.785
STU1020,307,98,3,3.2,4.7,8.67,1,0.803
STU1021,304,103,1,2.3,4.9,8.71,1,0.81
STU1022,315,114,4,4.8,1.9,6.37,0,0.736
STU1023,309,110,1,1.1,2.5,10.0,0,0.683
STU1024,319,99,5,2.4,1.2,8.6,0,0.786
STU1025,307,110,2,5.0,4.4,8.15,1,0.912
STU1026,322,105,2,1.1,2.1,7.94,0,0.729
STU1027,326,100,3,4.6,3.7,8.88,1,0.911
STU1028,327,120,3,2.7,4.3,7.35,0,0.825
STU1029,328,110,3,5.0,1.5,8.92,1,0.889
STU1030,297,106,3,3.5,4.7,7.68,0,0.723
STU1031,325,111,2,4.4,1.4,8.67,0,0.791
STU1032,318,101,2,1.2,2.5,8.63,0,0.671
STU1033,310,115,3,2.5,2.5,8.89,1,0.815
STU1034,318,104,2,1.8,2.8,9.7,0,0.787
STU1035,309,106,4,1.1,4.4,8.39,1,0.825
STU1036,324,102,2,1.8,3.0,8.98,0,0.761
STU1037,330,102,1,2.4,1.2,6.98,1,0.727
STU1038,318,115,1,2.4,4.7,8.49,0,0.755
STU1039,317,111,2,3.1,3.4,7.98,0,0.79
STU1040,307,101,3,2.0,2.5,9.02,0,0.724
STU1041,324,105,5,3.7,4.8,8.69,1,0.886
STU1042,303,102,2,3.6,4.3,8.82,0,0.795
STU1043,333,97,5,1.8,2.7,7.78,0,0.784
STU1044,294,113,3,4.3,3.0,8.47,1,0.863
STU1045,311,110,4,4.7,4.7,8.7,0,0.869
STU1046,323,117,4,4.2,1.7,8.66,1,0.853
STU1047,319,100,2,4.0,4.6,9.37,0,0.878
STU1048,309,90,4,3.9,3.6,8.02,1,0.774
STU1049,318,110,3,3.5,1.5,8.67,0,0.783
STU1050,313,106,5,3.9,2.5,8.28,0,0.797
STU1051,335,107,3,3.3,3.5,8.81,0,0.804
STU1052,311,101,2,2.1,3.7,8.8,0,0.746
STU1053,305,113,2,1.3,1.1,8.37,1,0.719
STU1054,302,110,1,4.8,1.1,7.89,1,0.731
STU1055,317,109,2,1.8,1.7,8.07,1,0.764
STU1056,311,104,1,2.3,1.2,7.86,0,0.691
STU1057,308,103,4,4.5,1.5,9.93,1,0.921
STU1058,312,98,3,3.2,2.0,9.38,1,0.826
STU1059,325,113,2,1.8,3.4,8.94,0,0.81
STU1060,317,104,3,4.1,3.3,8.53,1,0.854
STU1061,306,113,4,1.4,3.2,7.85,0,0.772
STU1062,301,115,2,2.5,1.9,8.53,1,0.81
STU1063,315,106,4,2.2,1.5,7.78,0,0.776
STU1064,330,99,3,4.3,1.3,8.15,1,0.764
STU1065,337,111,4,4.2,2.9,8.73,1,0.841
STU1066,306,101,1,4.2,3.3,8.29,1,0.822
STU1067,325,103,1,2.3,2.4,8.5,1,0.763
STU1068,301,106,1,3.7,4.6,7.53,0,0.732
STU1069,332,108,1,1.8,1.2,8.22,0,0.592
STU1070,318,107,5,3.1,1.2,7.9,1,0.864
STU1071,312,107,1,4.2,2.5,10.0,0,0.742
STU1072,312,103,4,1.3,2.1,7.56,0,0.73
STU1073,301,100,3,4.4,2.3,8.28,1,0.775
STU1074,323,93,4,2.3,4.9,8.1,0,0.797
STU1075,330,104,5,2.3,3.4,7.36,0,0.748
STU1076,306,100,1,2.9,4.9,9.18,1,0.759
STU1077,314,104,5,1.4,3.8,9.23,1,0.832
STU1078,313,101,4,3.6,4.3,8.81,0,0.816
STU1079,317,101,5,1.5,4.5,7.84,0,0.807
STU1080,313,94,4,3.4,3.2,8.63,1,0.88
STU1081,307,100,2,2.6,4.5,8.93,1,0.764
STU1082,321,104,3,2.2,3.2,7.5,1,0.834
STU1083,326,104,3,1.7,3.6,7.56,1,0.779
STU1084,316,108,1,2.7,4.2,8.58,1,0.788
STU1085,319,112,3,1.4,3.1,10.0,0,0.805
STU1086,315,108,2,1.7,3.3,6.69,1,0.745
STU1087,328,99,2,4.9,4.0,8.8,1,0.865
STU1088,338,107,1,4.0,4.3,8.08,1,0.855
STU1089,325,103,4,2.0,4.2,9.35,0,0.812
STU1090,314,99,3,3.4,3.9,9.02,0,0.798
STU1091,298,105,4,2.0,3.3,8.49,1,0.836
STU1092,318,106,4,4.1,1.3,8.78,1,0.874
STU1093,323,113,5,4.3,4.3,8.58,1,0.897
STU1094,302,111,1,4.0,2.9,8.49,0,0.715
STU1095,310,108,4,1.9,2.4,9.74,0,0.749
STU1096,305,99,5,4.8,3.6,8.75,1,0.898
STU1097,304,100,3,4.0,2.7,9.17,0,0.775
STU1098,305,96,2,4.5,3.1,7.28,1,0.793
STU1099,307,114,2,1.4,1.4,9.47,0,0.725
STU1100,307,101,5,4.8,3.1,7.37,1,0.855
STU1101,326,110,1,1.4,4.2,7.86,0,0.72
STU1102,309,95,2,4.8,2.5,7.76,1,0.77
STU1103,300,102,3,2.3,2.1,8.2,0,0.717
STU1104,324,104,2,4.1,1.1,8.78,1,0.77
STU1105,301,103,5,2.4,3.5,9.81,0,0.86
STU1106,303,115,3,1.8,1.4,9.12,1,0.795
STU1107,328,114,3,3.0,1.2,7.86,0,0.721
STU1108,297,93,2,3.8,3.7,8.97,0,0.737
STU1109,330,96,5,1.0,1.3,8.62,1,0.791
STU1110,313,114,5,1.1,1.4,7.53,0,0.782
STU1111,315,106,3,1.9,3.3,7.87,0,0.742
STU1112,308,107,5,4.8,2.6,8.44,1,0.879
STU1113,336,102,2,4.7,3.4,8.78,0,0.775
STU1114,309,110,2,4.4,2.6,7.56,0,0.715
STU1115,331,109,5,4.4,3.8,7.7,1,0.904
STU1116,321,96,4,4.1,3.0,8.01,0,0.801
STU1117,312,108,2,1.2,2.5,9.22,1,0.755
STU1118,324,111,3,1.8,1.3,8.97,0,0.725
STU1119,310,99,1,3.0,3.3,8.7,1,0.765
STU1120,320,103,3,3.0,1.2,8.58,0,0.779
STU1121,312,100,1,1.0,2.5,7.74,1,0.743
STU1122,306,109,1,2.8,1.5,8.19,1,0.699
STU1123,330,108,4,2.2,4.8,8.26,0,0.852
STU1124,311,120,2,2.7,1.7,8.87,1,0.824
STU1125,307,99,1,1.8,2.9,8.76,0,0.715
STU1126,312,100,1,2.3,2.0,8.79,1,0.795
STU1127,314,107,4,1.6,4.6,8.51,1,0.823
STU1128,304,103,3,1.3,3.8,7.78,1,0.734
STU1129,310,112,2,2.0,3.8,8.01,1,0.793
STU1130,315,110,5,2.9,3.5,9.53,1,0.861
STU1131,320,113,1,4.8,2.0,7.75,1,0.76
STU1132,302,105,3,2.0,2.5,8.17,0,0.746
STU1133,324,102,2,1.3,4.3,8.62,0,0.749
STU1134,308,90,5,1.2,2.3,7.82,0,0.716
STU1135,332,102,1,1.8,4.2,9.69,1,0.828
STU1136,335,104,5,4.7,3.1,8.27,1,0.868
STU1137,318,113,3,2.4,3.4,8.4,1,0.858
STU1138,321,100,2,2.8,2.5,8.9,1,0.798
STU1139,306,120,2,4.4,1.5,8.18,1,0.833
STU1140,304,114,4,2.5,3.3,7.87,1,0.84
STU1141,308,102,5,3.0,4.3,8.03,0,0.824
STU1142,318,99,3,4.0,1.8,7.02,1,0.752
STU1143,295,112,3,3.0,3.5,8.59,0,0.761
STU1144,300,98,5,1.9,3.3,7.85,1,0.769
STU1145,327,112,2,1.1,4.8,8.04,1,0.848
STU1146,318,95,5,1.7,1.5,7.72,0,0.734
STU1147,308,105,1,4.7,3.8,8.91,0,0.765
STU1148,317,115,4,1.9,3.2,8.08,1,0.813
STU1149,307,100,1,1.6,4.0,8.79,0,0.685
STU1150,321,108,1,1.9,4.2,8.5,1,0.802
STU1151,306,110,5,4.9,1.3,8.64,0,0.813
STU1152,313,102,1,2.6,2.2,8.75,1,0.727
STU1153,302,102,2,2.8,1.4,7.85,0,0.721
STU1154,306,108,1,1.7,4.6,9.17,1,0.813
STU1155,320,105,4,2.6,2.8,7.41,0,0.741
STU1156,315,97,2,1.2,4.7,9.07,1,0.851
STU1157,309,115,3,2.3,3.1,9.36,0,0.741
STU1158,335,110,5,3.8,1.6,9.18,1,0.897
STU1159,314,90,2,1.7,4.4,7.35,0,0.706
STU1160,310,102,2,4.0,3.8,9.01,0,0.746
STU1161,299,104,2,1.0,2.2,8.16,1,0.703
STU1162,305,111,3,3.6,4.1,7.39,1,0.847
STU1163,313,106,5,4.2,4.4,7.14,1,0.83
STU1164,327,96,3,4.0,2.9,7.77,1,0.856
STU1165,324,101,3,1.6,2.7,9.43,0,0.782
STU1166,324,108,3,2.6,4.9,8.86,1,0.843
STU1167,299,109,3,3.6,2.5,8.83,1,0.779
STU1168,316,105,4,3.2,1.9,8.12,0,0.793
STU1169,324,105,4,1.2,2.9,9.27,0,0.741
STU1170,327,104,3,3.7,4.7,9.87,1,0.852
STU1171,307,105,2,3.9,3.2,8.06,1,0.773
STU1172,303,114,3,2.2,1.8,7.33,1,0.746
STU1173,323,100,5,3.7,4.2,8.02,1,0.851
STU1174,323,114,5,1.1,2.7,8.45,1,0.9
STU1175,309,101,1,4.3,1.2,8.84,0,0.635
STU1176,324,102,4,2.3,2.1,9.17,1,0.839
STU1177,327,103,2,1.1,4.8,9.05,0,0.778
STU1178,304,108,4,3.7,1.6,9.17,0,0.83
STU1179,322,100,2,3.2,2.3,7.26,1,0.743
STU1180,311,102,5,3.0,1.3,8.34,1,0.797
STU1181,327,107,1,4.8,1.3,8.05,0,0.789
STU1182,311,111,2,2.7,3.4,8.63,1,0.772
STU1183,315,90,3,2.4,3.2,9.06,1,0.822
STU1184,300,94,4,3.3,2.5,8.26,0,0.738
STU1185,308,106,4,3.9,1.9,10.0,0,0.845
STU1186,309,103,1,3.3,2.3,8.33,0,0.756
STU1187,330,100,5,3.8,3.2,9.05,1,0.933
STU1188,320,106,2,3.3,1.1,7.76,1,0.72
STU1189,322,102,3,4.8,2.4,8.36,1,0.838
STU1190,325,90,1,3.1,2.8,10.0,1,0.879
STU1191,313,106,2,3.4,3.1,8.0,1,0.77
STU1192,320,111,3,1.1,2.8,7.02,0,0.749
STU1193,312,113,4,3.7,3.8,7.99,1,0.856
STU1194,297,99,1,2.2,4.9,8.96,1,0.796
STU1195,323,111,1,2.1,2.6,8.93,1,0.809
STU1196,319,107,1,3.9,2.7,8.61,0,0.818
STU1197,310,99,5,4.9,3.9,8.67,0,0.822
STU1198,318,101,5,4.9,4.4,8.6,1,0.905
STU1199,321,108,5,4.4,4.0,7.63,0,0.819
STU1200,311,105,4,3.7,3.2,8.91,0,0.813
STU1201,319,117,2,1.6,3.3,7.92,0,0.732
STU1202,306,90,3,4.5,3.6,8.87,0,0.794
STU1203,317,113,1,4.5,1.3,7.26,1,0.735
STU1204,307,98,3,1.4,4.7,8.14,0,0.766
STU1205,330,106,3,4.0,2.6,7.73,0,0.826
STU1206,318,111,1,1.2,1.4,10.0,1,0.773
STU1207,313,112,4,4.2,4.5,9.46,1,0.882
STU1208,307,120,1,1.5,2.8,7.81,1,0.735
STU1209,325,99,1,1.1,1.1,9.45,1,0.693
STU1210,323,116,2,4.0,2.3,9.07,0,0.791
STU1211,309,116,5,4.7,1.8,10.0,0,0.924
STU1212,308,103,5,4.5,1.7,8.43,1,0.84
STU1213,313,107,3,1.6,2.6,8.17,1,0.835
STU1214,328,100,4,3.8,3.1,8.32,0,0.795
STU1215,298,110,5,1.9,4.4,8.08,0,0.762
STU1216,305,103,4,3.4,2.7,8.79,0,0.781
STU1217,321,97,5,4.9,1.9,6.74,1,0.895
STU1218,309,109,5,1.3,2.2,7.49,1,0.826
STU1219,325,105,3,4.1,2.4,7.76,0,0.806
STU1220,317,118,3,4.2,2.0,8.52,0,0.8
STU1221,291,94,5,4.9,1.6,8.75,1,0.895
STU1222,340,112,1,2.6,3.2,9.0,0,0.733
STU1223,318,108,3,4.3,1.4,9.1,1,0.852
STU1224,326,105,5,3.8,3.1,8.04,0,0.829
STU1225,312,102,1,1.3,2.8,8.25,0,0.698
STU1226,325,104,5,2.4,1.4,9.16,0,0.83
STU1227,294,103,2,3.6,1.8,8.11,0,0.73
STU1228,312,102,4,3.2,4.9,8.54,1,0.853
STU1229,311,103,5,1.7,1.8,8.45,0,0.762
STU1230,334,97,4,4.8,3.1,7.84,1,0.834
STU1231,303,97,4,3.5,2.2,8.01,1,0.786
STU1232,318,92,3,4.5,1.8,10.0,1,0.85
STU1233,315,108,4,2.1,2.1,8.46,0,0.817
STU1234,321,102,2,3.3,5.0,8.47,1,0.871
STU1235,315,113,5,1.1,3.7,8.47,0,0.784
STU1236,301,110,3,3.9,2.3,8.92,1,0.778
STU1237,320,107,5,3.6,3.5,9.41,1,0.954
STU1238,304,106,2,4.2,3.7,8.87,0,0.821
STU1239,313,108,2,4.8,4.3,7.99,0,0.844
STU1240,323,112,5,2.3,4.4,7.59,1,0.871
STU1241,324,104,2,3.6,2.6,8.9,1,0.879
STU1242,311,114,5,2.7,3.9,8.89,1,0.908
STU1243,329,98,5,1.1,2.2,7.94,0,0.747
STU1244,301,92,2,3.6,1.8,8.85,1,0.772
STU1245,329,105,2,1.3,4.2,8.67,0,0.764
STU1246,306,101,4,4.7,1.2,7.99,0,0.794
STU1247,317,110,2,1.4,1.8,9.32,0,0.699
STU1248,322,109,5,1.3,2.9,7.68,1,0.777
STU1249,302,109,2,2.7,3.7,7.75,1,0.784
STU1250,314,105,5,1.9,3.2,8.8,0,0.792
STU1251,316,108,1,4.9,1.5,8.16,1,0.751
STU1252,310,109,1,1.8,3.1,9.26,1,0.74
STU1253,326,117,5,2.8,3.6,8.42,1,0.862
STU1254,306,112,4,4.2,4.9,8.87,1,0.939
STU1255,301,105,5,3.3,2.8,7.8,0,0.745
STU1256,328,106,5,2.7,3.6,8.93,0,0.845
STU1257,313,112,5,3.0,4.1,7.91,0,0.834
STU1258,317,90,3,1.6,2.4,8.4,1,0.813
STU1259,332,109,5,1.4,4.4,8.38,1,0.901
STU1260,333,94,2,1.5,1.6,8.24,1,0.77
STU1261,322,100,2,2.5,2.5,7.14,1,0.789
STU1262,327,116,1,4.3,3.3,7.7,1,0.842
STU1263,306,105,3,4.1,2.1,8.74,1,0.883
STU1264,315,96,1,2.2,2.1,8.95,1,0.76
STU1265,316,118,5,2.2,2.4,9.17,1,0.877
STU1266,325,107,1,4.1,1.5,8.65,0,0.733
STU1267,312,113,1,2.1,2.1,8.57,1,0.776
STU1268,325,100,1,4.0,3.9,7.83,0,0.692
STU1269,317,102,5,2.8,4.2,9.61,1,0.879
STU1270,323,94,2,1.2,3.7,8.63,0,0.709
STU1271,313,105,3,1.5,2.5,8.72,1,0.771
STU1272,316,111,3,2.4,4.1,7.86,1,0.788
STU1273,305,101,4,3.7,2.5,8.09,0,0.722
STU1274,314,104,5,3.7,3.4,8.67,0,0.805
STU1275,316,101,4,1.1,2.3,7.81,1,0.784
STU1276,319,100,4,1.9,2.5,8.42,1,0.852
STU1277,319,101,1,4.5,2.1,7.94,0,0.744
STU1278,306,100,3,4.4,1.8,9.02,0,0.816
STU1279,301,102,4,2.3,4.1,8.43,0,0.755
STU1280,336,98,3,1.2,3.0,8.33,0,0.723
STU1281,303,103,2,1.5,3.8,9.02,1,0.817
STU1282,303,106,1,3.2,4.7,9.36,1,0.869
STU1283,303,110,3,4.7,3.7,8.91,1,0.874
STU1284,324,114,4,3.5,3.1,8.36,0,0.864
STU1285,319,96,2,3.8,4.6,8.38,0,0.701
STU1286,310,94,5,3.1,2.7,9.58,0,0.785
STU1287,322,109,4,2.3,3.1,8.59,1,0.863
STU1288,316,106,4,2.6,1.9,9.22,1,0.809
STU1289,302,97,4,4.1,3.8,8.0,1,0.845
STU1290,312,103,2,1.9,1.5,7.71,0,0.69
STU1291,320,104,4,4.0,4.2,8.22,1,0.842
STU1292,305,102,2,3.5,4.4,8.72,0,0.77
STU1293,327,104,2,2.3,3.9,8.98,0,0.835
STU1294,310,104,5,2.4,2.2,8.32,1,0.853
STU1295,309,111,1,3.4,4.3,7.91,1,0.789
STU1296,318,101,1,2.7,4.2,8.96,0,0.758
STU1297,329,108,1,1.9,3.6,9.13,0,0.795
STU1298,310,116,2,2.4,2.3,7.47,0,0.75
STU1299,307,113,5,1.3,1.6,7.37,1,0.783
STU1300,320,112,5,4.3,2.8,7.93,1,0.886
STU1301,305,93,3,4.3,1.1,8.46,0,0.712
STU1302,321,98,3,4.9,1.1,7.79,0,0.754
STU1303,320,91,1,4.9,1.3,7.38,0,0.644
STU1304,331,113,5,1.6,3.2,8.2,0,0.818
STU1305,313,105,3,2.9,1.2,8.0,1,0.792
STU1306,305,109,4,2.4,2.1,8.26,1,0.85
STU1307,310,118,3,1.7,1.6,9.22,0,0.769
STU1308,315,104,3,1.7,2.7,8.8,1,0.745
STU1309,318,92,2,4.6,1.0,7.43,1,0.78
STU1310,317,105,5,4.3,1.9,8.89,1,0.859
STU1311,293,108,4,4.4,4.9,8.14,0,0.777
STU1312,291,106,3,3.1,3.7,9.05,0,0.776
STU1313,307,106,1,4.1,4.2,8.47,1,0.832
STU1314,309,105,1,3.4,4.5,9.12,0,0.763
STU1315,311,101,2,4.6,1.6,7.79,1,0.771
STU1316,330,105,1,1.7,1.7,8.93,1,0.755
STU1317,310,99,1,4.3,1.9,8.75,0,0.701
STU1318,294,104,4,4.3,3.0,8.92,1,0.859
STU1319,322,108,2,3.2,3.1,7.85,1,0.786
STU1320,315,108,3,2.9,2.4,7.4,1,0.846
STU1321,329,95,4,4.5,3.0,9.01,1,0.845
STU1322,331,113,3,2.2,1.1,7.75,1,0.751
STU1323,310,102,2,2.2,2.9,7.32,0,0.726
STU1324,298,113,3,4.9,3.2,7.53,0,0.805
STU1325,315,106,3,3.8,1.1,8.89,1,0.818
STU1326,321,118,5,3.8,3.8,7.86,0,0.832
STU1327,319,105,3,1.4,2.9,8.69,0,0.714
STU1328,311,112,3,2.4,3.5,7.05,0,0.725
STU1329,307,100,3,1.1,4.5,8.73,0,0.792
STU1330,300,100,3,2.3,2.7,8.83,0,0.756
STU1331,318,112,1,1.6,3.3,9.2,1,0.749
STU1332,306,95,1,3.3,4.9,8.13,0,0.738
STU1333,300,90,1,3.1,4.3,9.71,0,0.771
STU1334,318,110,2,4.7,1.1,9.21,0,0.813
STU1335,329,105,2,4.3,2.5,8.18,0,0.747
STU1336,301,120,2,3.8,2.0,8.36,1,0.754
STU1337,319,100,3,3.3,2.5,8.61,1,0.821
STU1338,307,109,1,3.4,2.1,8.52,1,0.769
STU1339,309,109,2,3.1,4.7,8.74,0,0.837
STU1340,318,104,1,3.8,1.5,8.1,0,0.756
STU1341,329,98,2,3.6,3.7,7.95,1,0.765
STU1342,323,107,4,1.0,1.7,8.77,1,0.76
STU1343,326,111,5,4.3,3.5,8.6,1,0.889
STU1344,320,105,3,1.3,2.5,9.33,1,0.761
STU1345,311,93,4,3.6,1.5,8.77,0,0.752
STU1346,309,99,1,3.9,3.9,8.09,1,0.814
STU1347,313,104,5,3.9,3.4,9.27,1,0.909
STU1348,332,116,3,2.8,1.5,8.36,0,0.846
STU1349,314,96,3,4.0,2.1,8.82,0,0.774
STU1350,340,105,3,1.8,4.3,8.62,1,0.866
STU1351,318,105,3,1.5,3.4,7.95,0,0.71
STU1352,310,90,3,1.5,4.1,9.01,1,0.82
STU1353,325,116,3,5.0,2.1,8.92,0,0.817
STU1354,312,90,3,2.1,3.0,9.01,0,0.765
STU1355,321,104,5,4.5,2.8,8.9,1,0.89
STU1356,317,120,3,4.5,4.0,8.52,0,0.835
STU1357,315,90,3,4.7,4.3,10.0,1,0.862
STU1358,312,104,5,2.5,3.0,8.27,1,0.821
STU1359,318,91,2,4.5,4.2,7.52,1,0.783
STU1360,299,101,4,3.2,2.7,8.66,0,0.766
STU1361,314,110,2,3.0,1.6,7.2,1,0.726
STU1362,314,109,4,1.5,3.9,8.05,1,0.824
STU1363,317,103,2,2.4,1.1,8.61,0,0.689
STU1364,312,108,5,4.2,1.6,7.39,1,0.827
STU1365,316,101,3,4.6,4.0,7.97,0,0.789
STU1366,334,99,1,2.2,4.6,8.94,0,0.798
STU1367,315,103,1,1.7,1.8,9.48,1,0.772
STU1368,323,91,1,1.1,2.1,8.53,0,0.683
STU1369,309,105,5,2.6,3.9,8.91,1,0.839
STU1370,316,102,4,2.7,4.8,8.77,1,0.781
STU1371,318,102,5,3.1,2.0,8.93,0,0.836
STU1372,312,103,1,3.3,4.5,9.58,0,0.755
STU1373,318,112,2,1.5,2.4,7.37,1,0.738
STU1374,318,100,4,4.0,4.3,8.94,1,0.884
STU1375,315,97,1,3.6,2.3,9.24,1,0.768
STU1376,318,105,2,2.1,3.5,8.64,0,0.741
STU1377,301,104,1,3.5,3.6,8.74,0,0.736
STU1378,328,113,2,3.8,1.0,8.44,0,0.784
STU1379,310,94,3,3.1,1.3,8.57,1,0.836
STU1380,311,116,4,3.7,3.9,6.99,1,0.796
STU1381,316,108,2,1.1,3.1,8.2,0,0.734
STU1382,290,109,1,4.3,2.6,6.8,1,0.763
STU1383,307,106,2,4.5,2.3,9.42,1,0.801
STU1384,315,109,4,1.6,4.0,8.94,1,0.878
STU1385,302,108,1,1.3,3.6,7.87,0,0.687
STU1386,314,95,4,1.9,4.8,6.93,1,0.738
STU1387,317,107,5,2.1,3.0,7.93,1,0.853
STU1388,318,104,1,2.8,4.6,9.58,0,0.729
STU1389,294,103,1,1.4,1.2,7.93,0,0.648
STU1390,307,95,5,2.4,4.5,7.81,1,0.853
STU1391,312,96,4,4.1,4.9,8.95,1,0.87
STU1392,312,111,4,4.3,3.3,9.19,0,0.882
STU1393,313,109,1,1.1,4.4,8.97,1,0.753
STU1394,313,104,3,3.7,1.8,10.0,0,0.781
STU1395,322,95,2,2.4,3.0,8.42,0,0.697
STU1396,315,105,4,4.0,2.4,8.63,0,0.84
STU1397,318,97,4,4.7,4.7,7.7,0,0.822
STU1398,290,108,4,4.6,1.2,8.06,1,0.818
STU1399,332,103,5,2.8,4.2,9.05,0,0.831
STU1400,308,102,1,3.8,1.8,8.7,0,0.693
STU1401,314,108,4,1.8,4.1,8.15,1,0.861
STU1402,319,109,3,4.3,4.6,9.67,0,0.832
STU1403,318,117,5,2.9,3.4,8.19,1,0.853
STU1404,291,105,2,3.4,1.5,7.95,1,0.794
STU1405,307,100,2,4.9,2.7,8.71,1,0.849
STU1406,311,103,4,1.4,2.6,8.23,1,0.815
STU1407,315,108,3,3.3,1.9,8.88,0,0.779
STU1408,308,106,3,1.5,4.9,9.02,0,0.727
STU1409,305,113,2,2.7,4.6,9.04,0,0.764
STU1410,323,108,2,4.6,1.8,8.57,1,0.806
STU1411,305,103,2,2.4,3.9,7.51,1,0.752
STU1412,305,99,5,1.1,3.1,8.74,1,0.87
STU1413,311,106,2,3.6,2.8,9.31,1,0.806
STU1414,320,104,1,2.8,2.9,8.66,0,0.696
STU1415,323,102,3,2.9,3.4,9.06,1,0.865
STU1416,309,103,4,1.9,2.1,9.36,0,0.826
STU1417,314,104,1,2.2,2.8,7.83,0,0.666
STU1418,303,110,2,2.7,3.7,9.04,1,0.82
STU1419,317,108,1,3.1,2.6,7.66,1,0.792
STU1420,311,109,5,3.3,2.6,8.64,0,0.759
STU1421,301,116,2,3.6,1.0,8.27,0,0.734
STU1422,319,103,4,2.5,3.8,8.49,0,0.784
STU1423,317,112,4,2.8,3.2,9.08,0,0.832
STU1424,315,102,3,3.3,3.0,8.24,0,0.735
STU1425,317,100,2,1.1,2.4,8.4,0,0.685
STU1426,307,105,4,2.6,5.0,7.22,1,0.832
STU1427,326,101,1,2.1,1.4,9.41,0,0.736
STU1428,312,102,4,2.2,2.9,7.15,1,0.766
STU1429,337,109,1,3.3,2.0,9.96,0,0.763
STU1430,304,95,3,3.2,3.2,8.57,1,0.794
STU1431,312,98,2,1.2,1.4,8.49,0,0.62
STU1432,339,110,2,4.0,3.6,8.43,0,0.81
STU1433,308,120,4,4.3,1.5,8.92,1,0.858
STU1434,307,107,3,1.2,4.5,9.33,1,0.867
STU1435,306,109,4,3.4,2.3,8.17,0,0.772
STU1436,322,101,1,4.9,2.3,9.06,1,0.845
STU1437,304,95,5,1.4,3.2,6.82,0,0.698
STU1438,305,109,1,2.5,2.3,9.09,0,0.717
STU1439,308,97,2,3.6,4.1,7.54,1,0.719
STU1440,339,115,3,3.8,3.9,8.44,1,0.863
STU1441,305,105,1,4.6,4.2,9.74,0,0.775
STU1442,315,105,4,3.5,4.9,8.07,1,0.849
STU1443,330,117,3,1.3,1.6,8.72,0,0.75
STU1444,315,102,1,1.8,2.9,8.34,0,0.657
STU1445,301,106,2,1.4,1.1,8.47,0,0.63
STU1446,304,118,2,1.7,1.0,8.11,1,0.786
STU1447,316,106,5,3.0,4.4,7.99,0,0.862
STU1448,313,100,4,1.2,2.1,8.5,0,0.757
STU1449,308,98,1,3.5,3.2,8.96,0,0.714
STU1450,314,108,1,4.2,2.8,7.04,1,0.789
STU1451,317,108,2,3.8,5.0,7.64,1,0.86
STU1452,293,111,5,2.3,1.4,8.31,1,0.794
STU1453,322,117,5,1.5,2.6,9.26,0,0.809
STU1454,326,98,2,4.2,3.6,8.23,1,0.853
STU1455,300,97,3,1.5,3.2,8.88,1,0.804
STU1456,301,96,5,4.8,1.3,7.33,0,0.794
STU1457,324,106,4,3.0,4.9,8.58,0,0.864
STU1458,325,105,4,1.1,2.8,8.14,0,0.76
STU1459,309,110,2,1.3,1.4,8.74,1,0.742
STU1460,302,108,3,4.0,3.9,9.14,1,0.891
STU1461,316,99,4,4.2,4.7,8.03,0,0.83
STU1462,315,101,3,1.0,1.8,8.03,1,0.773
STU1463,318,103,2,2.4,3.7,9.75,1,0.824
STU1464,309,93,5,1.9,1.9,8.55,1,0.798
STU1465,326,107,4,1.4,1.7,8.1,1,0.773
STU1466,313,95,4,4.3,4.5,9.01,0,0.81
STU1467,307,90,1,2.6,1.2,9.37,1,0.687
STU1468,304,106,3,1.3,2.7,7.46,0,0.704
STU1469,296,95,2,3.8,3.0,8.43,0,0.729
STU1470,293,107,5,3.7,3.2,9.52,1,0.878
STU1471,336,101,2,4.4,1.6,8.03,0,0.807
STU1472,324,112,4,2.5,1.2,8.95,0,0.836
STU1473,321,108,5,3.9,2.2,9.4,0,0.865
STU1474,333,107,1,4.6,2.9,9.48,1,0.906
STU1475,301,96,2,2.9,4.9,9.31,1,0.826
STU1476,310,98,1,5.0,2.2,9.02,1,0.78
STU1477,325,105,3,1.5,4.4,9.85,0,0.785
STU1478,310,104,2,2.3,2.5,8.37,0,0.732
STU1479,313,114,4,2.3,3.5,8.13,0,0.759
STU1480,305,108,1,3.7,2.2,8.86,0,0.711
STU1481,314,109,5,2.5,3.5,9.18,1,0.834
STU1482,307,100,3,3.9,3.0,8.1,1,0.825
STU1483,318,105,3,2.5,3.4,8.18,1,0.84
STU1484,319,96,5,4.7,3.3,8.64,0,0.846
STU1485,321,102,2,1.9,4.0,9.29,1,0.851
STU1486,314,109,1,4.8,1.1,7.19,1,0.782
STU1487,313,108,5,3.0,3.1,9.09,1,0.876
STU1488,320,96,2,2.6,4.9,9.02,0,0.724
STU1489,320,107,5,2.6,4.6,7.31,1,0.795
STU1490,327,114,1,1.5,3.6,8.47,0,0.704
STU1491,304,115,5,2.7,4.5,8.89,1,0.861
STU1492,323,120,5,2.4,4.8,8.31,1,0.873
STU1493,291,112,5,4.6,4.5,9.03,0,0.858
STU1494,305,108,4,2.0,4.2,7.64,1,0.832
STU1495,314,107,2,2.3,1.3,8.89,0,0.728
STU1496,316,108,5,1.3,3.5,6.42,0,0.706
STU1497,323,120,3,1.9,4.6,9.83,1,0.805
STU1498,294,93,5,4.7,4.4,8.62,1,0.831
STU1499,317,108,1,3.2,2.2,8.84,0,0.755
STU1500,315,119,4,3.6,2.4,9.79,1,0.89
STU1501,321,113,1,2.8,1.0,8.13,1,0.729
STU1502,319,103,3,3.3,1.0,8.76,1,0.763
STU1503,292,100,3,4.4,4.7,8.42,1,0.856
STU1504,320,98,3,2.8,1.4,7.54,1,0.743
STU1505,335,111,1,2.0,2.7,8.25,0,0.777
STU1506,304,93,4,2.5,2.5,7.76,0,0.713
STU1507,321,107,2,3.7,3.8,9.22,1,0.848
STU1508,340,98,3,4.9,2.4,7.63,0,0.725
STU1509,325,101,2,4.6,2.1,7.7,0,0.785
STU1510,321,117,2,4.0,3.4,8.33,1,0.824
STU1511,306,110,3,1.7,4.5,8.68,1,0.846
STU1512,322,102,1,3.3,3.4,9.51,0,0.718
STU1513,307,102,4,3.7,2.4,9.37,0,0.8
STU1514,307,106,2,3.4,3.8,8.99,1,0.813
STU1515,324,104,1,2.6,2.7,9.5,1,0.772
STU1516,310,108,4,2.8,4.5,9.4,1,0.917
STU1517,301,107,5,3.8,1.4,8.06,0,0.744
STU1518,328,91,5,2.1,4.0,8.42,1,0.795
STU1519,312,108,1,4.5,3.0,7.26,0,0.715
STU1520,326,108,4,4.0,2.0,8.56,1,0.856
STU1521,308,109,5,4.3,3.0,9.1,1,0.903
STU1522,332,110,1,4.1,4.9,9.04,1,0.829
STU1523,322,102,5,2.6,4.9,7.88,1,0.894
STU1524,319,109,2,1.9,1.2,8.4,0,0.682
STU1525,324,99,3,1.9,1.5,6.72,0,0.648
STU1526,319,106,4,2.7,2.5,8.17,0,0.772
STU1527,309,108,1,3.2,4.8,8.97,0,0.757
STU1528,326,99,1,3.3,3.9,7.89,0,0.732
STU1529,318,112,2,2.1,2.7,8.19,0,0.727
STU1530,307,98,3,4.5,1.5,7.8,1,0.827
STU1531,308,100,4,4.1,3.5,8.55,0,0.813
STU1532,326,108,2,1.7,3.0,8.45,1,0.8
STU1533,309,100,5,1.8,4.1,9.15,0,0.781
STU1534,304,104,3,1.1,4.6,8.55,1,0.838
STU1535,315,94,1,2.0,3.5,9.52,1,0.797
STU1536,332,95,3,4.2,1.3,8.75,1,0.787
STU1537,320,107,5,1.8,2.1,8.79,1,0.862
STU1538,313,107,2,1.3,2.9,8.73,0,0.78
STU1539,314,96,5,1.5,2.7,8.57,0,0.819
STU1540,325,103,2,4.8,4.5,9.43,0,0.838
STU1541,319,102,1,2.9,2.6,8.41,1,0.763
STU1542,313,103,1,1.1,3.7,8.73,1,0.735
STU1543,308,108,1,2.5,3.8,9.15,1,0.83
STU1544,323,110,2,1.0,2.8,7.21,1,0.713
STU1545,313,105,2,2.0,3.5,9.66,1,0.781
STU1546,312,109,5,2.3,2.0,8.5,1,0.804
STU1547,303,101,1,3.0,4.9,9.44,0,0.816
STU1548,321,114,5,4.0,1.9,8.51,1,0.857
STU1549,296,99,1,4.5,3.4,8.16,0,0.751
STU1550,312,107,5,3.6,1.2,9.39,1,0.857
STU1551,305,98,2,5.0,2.2,7.73,1,0.767
STU1552,336,115,5,2.0,4.3,9.77,0,0.841
STU1553,296,93,3,3.4,4.0,9.04,1,0.792
STU1554,312,111,5,4.2,2.7,7.42,0,0.787
STU1555,314,106,2,4.4,2.3,8.54,1,0.789
STU1556,330,98,3,4.3,4.8,9.81,0,0.843
STU1557,314,99,2,2.8,3.5,8.48,0,0.741
STU1558,306,106,4,2.2,1.9,7.45,0,0.7
STU1559,307,99,4,1.7,4.7,9.37,1,0.858
STU1560,309,97,2,4.2,4.3,9.31,1,0.855
STU1561,305,110,2,3.1,2.0,8.72,0,0.778
STU1562,327,109,3,3.8,1.1,8.63,0,0.76
STU1563,325,100,1,4.2,2.8,7.42,1,0.763
STU1564,313,107,4,3.1,2.3,8.39,1,0.902
STU1565,307,104,1,3.9,1.3,9.17,1,0.792
STU1566,316,119,5,2.0,4.6,8.62,1,0.867
STU1567,312,98,4,2.4,4.8,8.29,0,0.759
STU1568,323,109,5,3.4,1.8,8.85,0,0.855
STU1569,311,103,1,5.0,4.2,9.33,1,0.83
STU1570,310,104,1,3.5,4.5,8.69,0,0.773
STU1571,329,104,2,3.7,2.7,8.95,1,0.823
STU1572,318,103,3,4.2,4.1,8.18,1,0.847
STU1573,322,90,1,1.1,2.1,8.86,0,0.674
STU1574,325,117,5,3.5,4.6,8.39,0,0.893
STU1575,301,102,1,1.1,2.3,7.64,0,0.63
STU1576,311,103,5,1.7,2.0,7.3,1,0.799
STU1577,327,100,4,3.1,2.3,10.0,1,0.846
STU1578,326,104,2,3.8,3.6,9.27,0,0.802
STU1579,312,100,4,3.3,2.4,7.86,1,0.777
STU1580,306,105,4,1.6,3.3,8.4,1,0.751
STU1581,331,119,5,2.5,3.9,8.87,1,0.892
STU1582,320,106,1,1.7,3.3,7.74,0,0.739
STU1583,307,101,5,2.8,1.7,9.01,0,0.862
STU1584,322,111,1,1.6,4.9,8.69,0,0.775
STU1585,316,103,3,3.2,3.0,8.12,1,0.762
STU1586,324,92,5,2.6,2.2,8.82,1,0.851
STU1587,312,110,5,1.6,1.7,9.49,0,0.782
STU1588,297,91,4,4.9,2.8,8.04,1,0.842
STU1589,319,102,1,4.9,3.1,6.97,0,0.721
STU1590,317,105,2,3.1,1.7,9.05,0,0.71
STU1591,320,103,2,1.5,1.9,8.03,1,0.738
STU1592,300,116,3,3.1,3.0,8.22,0,0.748
STU1593,316,109,5,4.5,2.9,7.87,0,0.822
STU1594,309,108,3,2.9,2.9,9.61,0,0.835
STU1595,328,106,4,1.7,4.2,9.45,0,0.841
STU1596,304,109,4,2.1,1.7,7.42,0,0.664
STU1597,323,90,2,3.1,3.1,7.53,0,0.735
STU1598,326,111,5,2.3,1.2,8.97,0,0.745
STU1599,322,103,5,1.9,1.4,8.72,1,0.799
STU1600,316,112,4,2.4,4.9,8.83,1,0.852
STU1601,323,99,2,4.8,2.7,8.28,1,0.818
STU1602,305,110,1,3.0,4.0,6.72,1,0.741
STU1603,328,107,3,3.0,4.2,8.94,1,0.836
STU1604,319,108,3,4.3,2.6,8.94,1,0.84
STU1605,302,104,5,1.2,1.1,8.36,1,0.76
STU1606,311,97,2,2.5,1.7,9.15,0,0.762
STU1607,312,92,4,3.6,1.0,7.24,0,0.697
STU1608,319,104,4,3.3,4.5,9.12,1,0.875
STU1609,328,105,2,4.8,2.7,8.47,0,0.751
STU1610,315,118,1,4.2,2.6,9.28,1,0.811
STU1611,309,106,2,3.8,4.6,8.41,1,0.823
STU1612,326,103,5,1.3,2.5,8.14,0,0.794
STU1613,331,105,4,1.0,1.8,8.9,1,0.797
STU1614,305,104,2,3.6,4.8,8.74,1,0.82
STU1615,313,108,3,3.5,1.6,9.35,0,0.772
STU1616,309,106,5,4.0,4.7,8.38,0,0.845
STU1617,315,96,2,4.2,2.6,8.89,1,0.833
STU1618,311,100,1,4.9,1.7,7.31,1,0.763
STU1619,304,111,4,2.3,3.4,7.96,1,0.788
STU1620,320,113,5,3.0,4.6,8.6,0,0.882
STU1621,307,118,3,3.1,1.9,9.04,0,0.828
STU1622,313,107,5,1.4,1.8,7.82,1,0.782
STU1623,297,95,2,2.5,2.8,8.63,0,0.748
STU1624,340,114,2,4.5,3.0,8.31,0,0.806
STU1625,298,100,1,3.8,2.9,7.72,1,0.735
STU1626,331,108,3,3.9,3.2,8.93,0,0.788
STU1627,321,108,4,2.6,5.0,9.32,1,0.854
STU1628,300,101,5,1.6,3.6,7.67,0,0.77
STU1629,330,103,3,4.3,4.3,8.24,0,0.831
STU1630,310,106,1,2.1,4.2,9.26,1,0.796
STU1631,305,96,3,4.9,3.7,8.47,0,0.789
STU1632,316,105,4,1.9,3.0,7.88,1,0.852
STU1633,311,99,2,4.7,1.5,7.84,1,0.772
STU1634,317,94,1,3.4,3.3,9.11,0,0.714
STU1635,301,106,1,3.9,1.2,8.78,1,0.778
STU1636,327,113,4,2.6,4.2,9.51,1,0.886
STU1637,300,102,2,1.2,4.8,8.2,0,0.736
STU1638,317,98,3,2.3,2.4,9.05,0,0.773
STU1639,311,110,2,2.6,4.6,9.02,0,0.758
STU1640,332,104,3,1.9,4.1,9.41,1,0.805
STU1641,304,105,5,2.3,2.2,8.48,1,0.826
STU1642,309,103,3,2.8,1.2,8.01,0,0.677
STU1643,319,111,1,1.5,3.6,8.52,0,0.714
STU1644,304,100,2,1.1,4.4,8.15,0,0.71
STU1645,328,104,4,1.7,2.6,8.27,0,0.74
STU1646,327,91,1,2.0,4.4,8.53,0,0.723
STU1647,322,120,1,3.2,4.4,7.73,0,0.725
STU1648,319,115,2,2.2,3.8,8.63,1,0.808
STU1649,322,102,3,1.2,2.8,9.4,1,0.828
STU1650,312,109,4,1.4,4.2,8.59,0,0.753
STU1651,307,105,2,3.1,3.0,8.58,1,0.799
STU1652,325,101,5,3.5,1.6,8.47,0,0.84
STU1653,329,104,5,3.2,4.4,8.43,0,0.799
STU1654,323,104,1,3.5,3.1,8.92,1,0.835
STU1655,315,107,4,2.2,2.6,8.23,1,0.767
STU1656,300,100,5,3.0,3.7,9.35,1,0.929
STU1657,324,118,5,2.4,2.0,9.6,0,0.839
STU1658,324,120,4,4.2,1.9,8.25,1,0.885
STU1659,317,116,2,4.3,1.1,8.56,1,0.776
STU1660,312,107,3,1.3,1.7,7.27,1,0.742
STU1661,319,96,4,4.6,1.1,8.12,0,0.757
STU1662,323,120,5,4.2,3.1,9.25,0,0.908
STU1663,337,108,4,3.2,3.1,8.48,0,0.825
STU1664,319,108,1,1.3,2.2,8.32,0,0.696
STU1665,314,114,3,1.4,1.5,8.48,1,0.791
STU1666,309,102,3,4.2,4.8,8.39,1,0.811
STU1667,317,105,5,4.2,1.7,7.87,1,0.896
STU1668,326,120,4,1.9,2.2,9.13,0,0.833
STU1669,311,105,2,1.4,3.4,9.02,1,0.795
STU1670,324,103,5,4.4,4.4,8.11,0,0.793
STU1671,312,109,3,2.0,1.6,8.0,0,0.711
STU1672,327,100,1,1.4,2.0,8.61,1,0.747
STU1673,290,109,2,2.3,2.0,8.97,1,0.771
STU1674,325,116,3,4.9,2.5,7.88,0,0.823
STU1675,311,105,2,3.7,2.1,8.48,1,0.76
STU1676,311,101,2,2.3,1.5,9.5,0,0.678
STU1677,313,115,3,1.9,3.1,8.37,1,0.813
STU1678,302,102,4,3.6,2.5,7.85,0,0.798
STU1679,321,93,5,2.4,1.5,8.61,0,0.764
STU1680,329,106,1,3.5,2.8,8.32,1,0.844
STU1681,322,112,2,4.4,2.4,8.72,1,0.761
STU1682,303,97,2,2.3,2.8,8.27,0,0.736
STU1683,318,99,3,2.2,1.7,9.04,0,0.771
STU1684,312,105,4,4.2,2.1,8.18,0,0.832
STU1685,322,109,2,2.6,4.3,6.87,0,0.763
STU1686,304,108,1,1.5,5.0,8.17,1,0.756
STU1687,324,109,2,1.9,2.5,7.98,0,0.719
STU1688,319,120,3,1.7,3.2,7.52,0,0.734
STU1689,305,107,4,2.1,2.0,9.86,0,0.805
STU1690,327,103,1,1.3,4.4,9.13,1,0.763
STU1691,314,102,5,3.1,2.2,7.52,1,0.8
STU1692,310,99,1,2.4,3.4,7.86,0,0.708
STU1693,322,116,3,3.7,4.7,9.52,0,0.849
STU1694,316,120,3,1.7,1.4,7.46,0,0.727
STU1695,315,105,4,2.2,2.5,9.11,1,0.799
STU1696,313,111,4,1.8,3.2,6.31,1,0.736
STU1697,317,100,4,2.4,4.4,8.69,0,0.794
STU1698,307,110,3,4.9,4.8,8.31,0,0.803
STU1699,320,104,3,3.9,3.7,8.39,1,0.837
STU1700,317,103,2,1.1,3.1,8.7,0,0.765
STU1701,319,106,1,4.4,1.5,8.19,1,0.77
STU1702,317,112,1,4.6,4.4,9.27,0,0.771
STU1703,316,105,1,2.9,2.5,7.89,1,0.785
STU1704,310,109,3,4.0,3.0,7.51,0,0.835
STU1705,325,110,2,3.2,3.7,7.85,1,0.793
STU1706,314,99,1,3.6,2.0,8.8,0,0.743
STU1707,318,113,5,2.6,1.2,8.77,1,0.859
STU1708,327,105,3,2.0,2.5,9.82,1,0.819
STU1709,311,99,4,4.6,3.2,8.23,1,0.799
STU1710,317,104,4,5.0,1.7,8.31,0,0.851
STU1711,315,112,4,2.6,4.1,8.11,1,0.843
STU1712,320,110,5,1.8,4.0,9.09,1,0.811
STU1713,326,109,4,4.1,2.3,7.85,0,0.83
STU1714,299,99,3,3.7,1.1,8.83,0,0.746
STU1715,301,106,4,1.5,1.3,7.71,1,0.767
STU1716,327,94,2,2.9,4.1,9.19,1,0.82
STU1717,309,104,3,4.2,4.8,7.86,0,0.784
STU1718,306,100,3,5.0,2.3,7.97,1,0.817
STU1719,316,111,2,1.2,3.7,8.18,1,0.778
STU1720,330,93,4,2.0,2.5,8.49,0,0.725
STU1721,309,107,1,4.4,1.4,7.8,1,0.739
STU1722,297,107,5,4.1,1.5,7.79,1,0.774
STU1723,308,106,5,3.9,2.6,9.23,0,0.813
STU1724,308,102,3,3.7,4.3,8.97,1,0.85
STU1725,310,106,5,1.5,2.1,8.19,0,0.744
STU1726,323,111,3,3.9,1.4,7.96,1,0.847
STU1727,309,120,5,4.3,4.1,9.13,0,0.836
STU1728,315,106,2,2.1,1.7,8.7,1,0.77
STU1729,322,99,2,4.1,2.6,9.73,0,0.806
STU1730,320,98,1,2.2,4.0,8.58,1,0.745
STU1731,310,101,4,4.3,4.0,9.81,0,0.817
STU1732,306,105,5,4.1,2.3,6.77,1,0.779
STU1733,314,112,5,4.0,1.2,7.47,0,0.805
STU1734,310,114,4,2.8,3.1,8.76,1,0.852
STU1735,318,100,2,3.0,4.5,7.61,1,0.756
STU1736,316,117,5,2.0,2.3,8.32,0,0.821
STU1737,322,109,2,2.9,2.6,8.07,0,0.712
STU1738,340,98,2,4.2,1.7,7.8,1,0.754
STU1739,312,106,4,4.0,4.8,8.2,1,0.87
STU1740,311,106,4,3.7,2.6,8.35,1,0.839
STU1741,331,106,3,2.1,3.7,9.74,0,0.805
STU1742,318,108,4,4.9,2.9,7.89,1,0.88
STU1743,340,105,4,4.5,1.3,7.86,0,0.791
STU1744,309,95,3,3.6,3.8,9.24,0,0.806
STU1745,305,100,5,1.0,1.4,8.81,0,0.745
STU1746,313,105,3,5.0,5.0,8.04,0,0.798
STU1747,317,110,4,1.0,4.4,9.84,1,0.854
STU1748,323,111,3,4.5,2.6,9.38,1,0.834
STU1749,311,106,4,2.1,1.7,7.32,0,0.745
STU1750,313,115,3,2.5,4.8,8.15,0,0.76
STU1751,330,110,2,4.6,2.7,10.0,1,0.92
STU1752,312,108,3,1.9,1.1,8.45,0,0.674
STU1753,327,110,3,3.0,4.7,8.55,1,0.852
STU1754,308,103,4,1.4,3.5,8.31,1,0.835
STU1755,320,120,2,2.7,3.7,8.18,0,0.75
STU1756,325,107,3,3.4,1.6,9.52,1,0.827
STU1757,312,109,1,4.3,3.1,8.6,1,0.803
STU1758,311,97,5,3.9,4.0,8.28,0,0.757
STU1759,307,105,4,4.6,4.6,9.33,0,0.79
STU1760,311,100,1,2.6,1.7,7.83,0,0.702
STU1761,331,90,2,2.9,2.5,8.47,1,0.737
STU1762,292,104,4,4.6,2.9,8.41,1,0.872
STU1763,304,102,5,3.9,4.7,8.7,0,0.84
STU1764,318,100,4,3.2,3.8,7.88,0,0.757
STU1765,327,98,3,2.2,3.5,8.69,1,0.868
STU1766,307,97,3,2.2,1.5,7.73,0,0.706
STU1767,308,111,4,3.5,2.6,9.98,0,0.815
STU1768,314,101,2,1.6,3.2,9.5,0,0.779
STU1769,313,102,1,3.3,2.9,10.0,0,0.739
STU1770,318,97,3,4.6,2.2,7.23,1,0.771
STU1771,305,103,2,1.8,3.5,7.51,1,0.742
STU1772,301,96,4,3.7,2.1,7.49,0,0.722
STU1773,315,95,1,2.5,4.0,9.06,1,0.801
STU1774,317,107,3,1.2,1.8,8.73,1,0.781
STU1775,325,113,1,4.6,1.6,9.14,0,0.783
STU1776,311,108,1,5.0,3.0,9.08,0,0.766
STU1777,300,94,2,4.1,3.1,8.14,1,0.758
STU1778,328,110,4,4.5,2.8,8.72,0,0.803
STU1779,309,100,1,1.9,1.3,8.04,1,0.664
STU1780,304,105,2,4.2,3.6,8.52,1,0.785
STU1781,304,98,4,5.0,3.6,8.75,0,0.841
STU1782,295,118,2,4.7,2.7,9.94,0,0.819
STU1783,318,97,3,4.7,1.5,10.0,0,0.798
STU1784,317,104,1,2.0,1.4,10.0,0,0.689
STU1785,327,101,4,1.5,2.6,9.22,1,0.84
STU1786,303,103,4,2.7,3.9,8.93,1,0.863
STU1787,307,101,3,1.1,1.7,9.25,1,0.779
STU1788,312,115,5,3.5,2.0,8.33,0,0.762
STU1789,335,115,4,1.8,1.8,7.99,0,0.758
STU1790,315,106,5,3.3,1.1,8.77,0,0.79
STU1791,330,117,4,4.1,1.6,6.11,1,0.791
STU1792,311,108,5,4.7,4.0,8.43,0,0.877
STU1793,318,99,2,2.3,3.2,8.84,0,0.783
STU1794,321,92,4,4.1,4.5,8.63,0,0.81
STU1795,323,106,5,1.9,4.0,9.45,0,0.791
STU1796,312,103,2,2.5,3.8,9.2,0,0.731
STU1797,319,100,4,3.5,1.2,8.67,0,0.796
STU1798,303,105,3,2.8,5.0,8.61,0,0.853
STU1799,306,101,3,1.2,2.8,8.22,0,0.773
STU1800,308,102,1,3.1,5.0,9.22,1,0.801
STU1801,292,105,4,1.9,4.5,8.41,1,0.832
STU1802,317,101,1,2.2,1.3,9.92,1,0.823
STU1803,308,113,2,2.0,2.9,8.5,0,0.756
STU1804,318,93,2,3.5,1.2,9.41,1,0.792
STU1805,313,107,4,3.6,1.7,8.29,0,0.758
STU1806,319,97,5,4.0,2.4,8.57,1,0.856
STU1807,294,111,4,2.1,2.4,9.54,0,0.808
STU1808,328,116,2,1.7,2.8,8.53,1,0.793
STU1809,334,100,2,3.0,4.9,8.93,1,0.839
STU1810,306,102,4,4.5,1.6,8.24,0,0.768
STU1811,311,103,2,2.6,3.8,8.86,0,0.777
STU1812,317,104,4,2.6,3.6,9.73,1,0.845
STU1813,321,109,2,1.2,1.7,8.41,1,0.736
STU1814,307,113,3,2.1,1.4,8.11,0,0.735
STU1815,307,107,5,2.1,2.0,6.83,1,0.809
STU1816,298,95,4,1.3,4.9,8.06,1,0.857
STU1817,314,103,1,2.6,1.6,9.05,1,0.793
STU1818,323,107,4,3.1,4.5,8.75,0,0.818
STU1819,297,110,3,3.1,3.1,9.94,0,0.814
STU1820,304,109,2,2.1,3.3,7.48,0,0.665
STU1821,319,96,5,1.2,4.8,8.39,1,0.889
STU1822,320,102,3,2.7,4.8,9.62,1,0.787
STU1823,338,93,2,4.5,3.1,8.44,1,0.812
STU1824,316,108,1,5.0,1.1,8.46,1,0.752
STU1825,290,105,4,1.8,2.8,8.77,0,0.734
STU1826,304,100,2,3.7,2.7,8.5,1,0.769
STU1827,317,106,2,2.8,2.0,8.49,1,0.729
STU1828,312,100,2,2.3,3.2,7.77,0,0.731
STU1829,302,99,5,3.0,1.3,9.46,0,0.767
STU1830,327,104,5,2.7,1.1,9.74,0,0.828
STU1831,326,105,2,4.5,3.6,7.85,1,0.851
STU1832,313,111,3,4.6,1.8,8.09,0,0.779
STU1833,305,110,5,3.2,2.0,9.21,0,0.824
STU1834,301,91,1,5.0,2.0,8.36,0,0.714
STU1835,297,99,5,1.9,3.9,8.71,1,0.869
STU1836,333,97,2,4.1,3.4,7.37,1,0.786
STU1837,310,96,1,2.3,4.6,8.46,0,0.694
STU1838,326,91,5,4.0,4.4,8.27,0,0.85
STU1839,306,111,4,4.9,4.3,8.99,1,0.918
STU1840,319,107,5,1.5,1.2,8.85,1,0.829
STU1841,299,104,4,3.5,4.3,8.02,1,0.853
STU1842,320,109,5,3.7,3.5,8.73,0,0.821
STU1843,309,113,5,1.4,4.6,9.19,0,0.815
STU1844,323,104,1,1.4,2.3,8.87,0,0.699
STU1845,316,104,2,3.2,3.9,8.11,1,0.801
STU1846,318,113,3,1.6,1.4,8.14,1,0.769
STU1847,315,105,1,4.4,1.7,7.82,1,0.726
STU1848,308,110,2,3.4,4.7,9.23,1,0.852
STU1849,316,105,3,4.3,3.4,8.3,0,0.795
STU1850,306,109,5,4.1,2.1,9.0,1,0.892
STU1851,314,110,3,1.7,3.3,8.1,0,0.748
STU1852,334,109,1,2.0,4.9,8.16,1,0.83
STU1853,318,102,3,3.2,4.6,8.23,0,0.837
STU1854,315,115,2,1.1,1.7,9.1,0,0.69
STU1855,318,102,5,4.6,3.2,9.42,1,0.925
STU1856,320,107,3,4.8,4.2,7.37,1,0.862
STU1857,322,103,4,3.9,4.0,8.23,1,0.834
STU1858,331,103,2,2.8,1.2,9.17,0,0.821
STU1859,332,104,4,2.7,2.4,7.67,1,0.849
STU1860,321,100,4,3.9,2.1,8.17,1,0.863
STU1861,320,103,4,4.2,2.4,10.0,1,0.929
STU1862,315,107,1,3.0,3.0,9.33,0,0.77
STU1863,314,113,2,2.4,3.5,8.38,0,0.756
STU1864,309,110,4,2.4,3.4,7.1,1,0.765
STU1865,311,93,1,1.7,4.1,10.0,0,0.781
STU1866,311,109,3,1.0,4.0,7.78,1,0.813
STU1867,302,90,4,3.9,5.0,8.73,0,0.823
STU1868,317,90,3,2.3,2.5,8.17,1,0.757
STU1869,304,98,5,4.7,2.7,8.39,1,0.874
STU1870,316,103,5,2.7,3.5,7.25,0,0.763
STU1871,317,91,1,1.9,2.8,9.11,1,0.742
STU1872,315,114,5,4.9,2.5,8.35,0,0.875
STU1873,290,90,4,4.3,4.4,8.42,1,0.818
STU1874,299,101,5,3.0,3.0,8.86,0,0.793
STU1875,312,106,3,2.4,1.9,8.93,0,0.785
STU1876,315,99,2,1.9,2.7,7.52,0,0.75
STU1877,321,96,3,1.5,2.1,9.23,1,0.807
STU1878,307,118,1,2.0,2.4,8.46,0,0.72
STU1879,309,107,1,1.1,4.4,8.87,1,0.768
STU1880,309,110,5,4.1,2.9,8.79,0,0.83
STU1881,314,93,4,4.4,1.1,8.13,0,0.706
STU1882,316,114,3,4.0,2.3,8.4,1,0.868
STU1883,308,116,2,3.6,3.8,8.17,0,0.79
STU1884,333,107,3,1.6,3.0,6.33,0,0.681
STU1885,333,101,4,4.2,2.9,7.86,0,0.77
STU1886,311,102,4,3.9,1.7,8.9,1,0.846
STU1887,319,90,5,3.2,5.0,8.22,1,0.844
STU1888,314,103,5,2.9,1.2,8.8,1,0.866
STU1889,328,105,1,2.3,4.8,7.94,1,0.807
STU1890,315,107,4,4.9,1.7,8.35,1,0.818
STU1891,322,107,1,2.6,4.5,8.05,1,0.805
STU1892,307,120,3,4.7,4.0,6.21,1,0.844
STU1893,316,94,5,1.5,3.0,8.48,1,0.837
STU1894,326,112,3,3.0,4.5,8.29,0,0.833
STU1895,308,96,5,3.9,4.3,8.52,1,0.841
STU1896,300,99,2,2.3,1.9,7.77,0,0.716
STU1897,313,111,5,4.5,2.4,8.37,0,0.805
STU1898,308,94,2,2.4,2.1,9.38,0,0.724
STU1899,309,106,4,3.1,2.2,7.87,1,0.834
STU1900,320,108,5,4.8,1.3,8.17,0,0.835
STU1901,297,107,3,1.0,1.4,9.26,0,0.686
STU1902,309,91,1,4.6,4.4,9.15,1,0.816
STU1903,313,111,1,4.7,1.2,7.95,0,0.751
STU1904,306,90,1,2.5,4.7,7.27,1,0.73
STU1905,310,91,3,3.0,3.0,8.12,1,0.753
STU1906,304,107,2,2.0,4.3,8.65,0,0.73
STU1907,324,106,5,2.5,2.7,8.23,0,0.777
STU1908,308,107,3,3.5,4.3,8.16,1,0.795
STU1909,307,103,1,2.6,4.9,8.66,1,0.794
STU1910,327,105,4,2.3,4.9,8.68,1,0.857
STU1911,315,96,3,2.2,4.1,8.27,0,0.796
STU1912,319,99,2,3.0,1.6,9.94,1,0.874
STU1913,316,98,3,2.5,1.6,8.45,0,0.72
STU1914,317,104,5,1.6,1.5,8.24,1,0.821
STU1915,303,113,1,2.9,2.1,9.24,1,0.805
STU1916,322,108,5,4.5,3.1,8.15,0,0.829
STU1917,330,105,5,3.8,1.9,9.06,1,0.899
STU1918,318,100,5,2.8,3.3,8.65,0,0.86
STU1919,324,96,1,3.7,1.2,7.69,0,0.688
STU1920,326,109,5,2.6,2.0,8.3,1,0.869
STU1921,302,117,4,3.6,4.3,9.12,0,0.859
STU1922,317,96,1,3.9,4.9,9.69,0,0.784
STU1923,322,106,3,3.8,3.9,7.03,1,0.817
STU1924,305,109,1,1.3,3.4,8.31,1,0.73
STU1925,312,104,1,2.7,4.0,9.88,0,0.749
STU1926,320,114,5,4.2,1.5,8.62,0,0.805
STU1927,327,103,1,4.7,4.7,8.95,1,0.857
STU1928,316,100,1,3.9,4.5,8.36,0,0.757
STU1929,319,103,4,2.7,3.6,8.45,0,0.777
STU1930,331,106,2,4.3,4.7,8.58,0,0.836
STU1931,315,111,2,4.0,3.1,8.12,1,0.811
STU1932,327,108,1,5.0,1.2,9.43,1,0.87
STU1933,312,98,3,4.4,4.3,8.22,1,0.804
STU1934,303,94,3,1.8,3.5,8.68,1,0.767
STU1935,312,108,5,3.4,2.3,8.67,1,0.884
STU1936,296,104,3,3.0,2.7,8.26,0,0.72
STU1937,309,113,1,2.9,4.9,7.12,0,0.751
STU1938,300,116,3,3.3,2.5,9.15,0,0.797
STU1939,314,113,3,4.4,2.8,7.61,1,0.834
STU1940,338,100,5,1.8,2.9,8.33,0,0.79
STU1941,302,108,4,2.7,2.5,9.28,1,0.815
STU1942,318,110,2,3.4,3.7,8.87,1,0.863
STU1943,312,100,4,4.5,4.6,9.09,1,0.869
STU1944,330,112,5,3.5,2.9,8.35,0,0.859
STU1945,316,107,4,4.7,3.2,8.78,0,0.876
STU1946,310,107,2,1.1,1.0,8.77,1,0.721
STU1947,330,107,2,2.9,3.4,8.72,0,0.778
STU1948,317,118,4,2.4,2.9,8.57,1,0.935
STU1949,315,107,5,4.1,3.5,8.19,1,0.879
STU1950,313,112,1,3.4,4.2,10.0,0,0.784
STU1951,313,97,2,4.7,2.2,6.49,1,0.8
STU1952,312,113,4,4.5,1.8,8.3,1,0.819
STU1953,294,96,1,4.4,1.1,9.63,0,0.765
STU1954,318,101,4,4.3,4.6,7.49,1,0.861
STU1955,314,110,1,3.8,1.2,8.37,1,0.747
STU1956,322,110,3,1.5,1.9,6.8,1,0.752
STU1957,306,102,1,1.9,1.2,8.53,1,0.693
STU1958,322,120,1,3.2,4.4,8.27,0,0.719
STU1959,318,116,3,1.6,3.6,8.55,0,0.793
STU1960,307,109,2,1.7,1.2,9.72,0,0.72
STU1961,315,103,5,2.3,3.0,9.39,0,0.838
STU1962,311,93,2,1.4,1.5,8.44,1,0.705
STU1963,336,107,1,3.2,3.3,9.13,1,0.87
STU1964,331,100,2,1.5,4.9,8.65,1,0.753
STU1965,309,110,1,4.0,4.9,8.73,0,0.792
STU1966,308,106,1,2.9,2.6,9.41,0,0.749
STU1967,315,103,5,5.0,1.1,8.84,1,0.89
STU1968,316,108,1,4.1,3.7,7.73,1,0.788
STU1969,322,102,2,1.8,3.9,6.91,1,0.778
STU1970,320,109,4,3.0,3.0,9.0,0,0.835
STU1971,320,110,4,2.0,4.3,8.25,1,0.87
STU1972,314,104,4,2.6,2.3,7.91,0,0.737
STU1973,314,101,3,2.6,2.4,7.72,1,0.701
STU1974,330,115,3,1.6,3.3,8.62,1,0.842
STU1975,301,115,2,4.5,4.4,9.49,0,0.89
STU1976,332,111,2,2.8,2.9,7.21,1,0.778
STU1977,307,113,2,4.1,4.2,8.73,1,0.801
STU1978,314,120,4,1.1,2.4,7.2,0,0.718
STU1979,331,103,4,2.5,4.4,8.33,0,0.841
STU1980,324,113,5,4.1,4.9,8.66,1,0.922
STU1981,310,111,2,4.7,3.8,6.74,1,0.795
STU1982,331,96,1,2.1,1.4,7.86,1,0.727
STU1983,321,101,3,3.5,4.4,8.14,0,0.786
STU1984,324,96,3,1.2,4.2,7.2,1,0.757
STU1985,314,114,2,3.3,4.2,8.21,1,0.792
STU1986,312,120,2,4.2,3.8,7.33,1,0.905
STU1987,325,120,4,1.3,1.4,8.03,1,0.777
STU1988,322,103,1,2.0,3.5,8.79,0,0.745
STU1989,313,118,4,4.2,4.8,9.76,1,0.98
STU1990,312,114,2,4.1,3.4,7.76,1,0.83
STU1991,295,102,3,2.7,3.2,7.75,0,0.709
STU1992,316,104,3,3.4,4.3,8.51,1,0.849
STU1993,331,98,3,3.2,1.3,8.71,0,0.724
STU1994,316,95,1,2.3,2.5,7.98,0,0.703
STU1995,290,103,4,1.0,4.9,8.59,1,0.851
STU1996,313,104,5,5.0,4.1,8.57,0,0.87
STU1997,321,106,1,2.5,3.2,8.03,0,0.702
STU1998,291,102,1,1.6,2.7,9.87,0,0.745
STU1999,316,116,3,3.7,1.1,7.88,0,0.718
STU2000,318,103,3,4.2,2.9,8.25,0,0.727
STU2001,299,102,3,4.0,2.2,9.45,0,0.726
STU2002,322,101,2,2.9,1.3,9.02,1,0.79
STU2003,321,106,2,1.5,3.5,8.63,0,0.748
STU2004,312,105,4,1.2,2.0,8.12,1,0.807
STU2005,328,100,3,2.1,4.1,7.88,1,0.825
STU2006,310,106,1,3.2,2.7,8.95,1,0.724
STU2007,324,113,1,4.2,4.0,8.12,0,0.731
STU2008,311,90,4,2.4,2.1,8.59,0,0.748
STU2009,308,105,4,3.7,2.0,8.24,1,0.772
STU2010,301,103,3,5.0,1.3,9.79,0,0.804
STU2011,319,96,4,4.3,4.1,7.88,1,0.879
STU2012,312,111,3,4.2,1.1,8.97,0,0.812
STU2013,328,109,5,1.4,3.9,8.01,0,0.791
STU2014,313,107,4,2.5,3.0,7.55,1,0.805
STU2015,309,117,2,4.2,5.0,8.79,1,0.882
STU2016,316,112,1,4.4,1.1,8.66,1,0.815
STU2017,304,112,2,3.2,1.4,7.49,1,0.716
STU2018,324,101,5,1.2,3.9,8.82,0,0.779
STU2019,331,98,3,2.5,1.1,8.6,1,0.862
STU2020,292,106,4,2.0,2.9,8.64,0,0.739
STU2021,305,99,5,2.6,1.7,9.35,1,0.829
STU2022,298,110,1,2.6,4.7,8.06,1,0.78
STU2023,313,107,2,3.2,2.2,8.32,1,0.826
STU2024,300,100,4,4.0,1.6,7.32,1,0.739
STU2025,325,108,4,1.6,3.0,8.05,0,0.731
STU2026,311,107,1,3.8,4.3,7.66,0,0.745
STU2027,319,100,4,2.5,4.0,8.88,0,0.785
STU2028,312,100,3,3.2,2.9,8.53,1,0.851
STU2029,315,110,3,3.4,2.2,8.01,0,0.844
STU2030,326,109,3,1.7,1.3,8.86,1,0.835
STU2031,297,111,5,1.8,2.8,7.1,0,0.808
STU2032,309,103,2,2.2,1.2,8.97,0,0.782
STU2033,296,109,3,1.2,4.7,7.82,0,0.738
STU2034,308,109,3,3.2,1.0,9.23,0,0.74
STU2035,329,100,2,4.3,1.9,8.09,1,0.844
STU2036,323,91,2,4.5,3.5,9.24,1,0.817
STU2037,318,112,1,2.2,1.2,7.85,1,0.753
STU2038,323,108,2,3.1,4.2,7.79,0,0.727
STU2039,312,97,4,1.1,4.4,7.79,1,0.822
STU2040,320,115,2,1.2,3.1,10.0,0,0.751
STU2041,290,120,3,2.7,2.6,8.36,1,0.795
STU2042,310,106,2,2.6,4.4,7.98,0,0.758
STU2043,330,111,3,2.5,1.5,8.53,0,0.769
STU2044,295,107,4,4.5,4.2,9.01,0,0.894
STU2045,312,100,2,1.4,2.5,8.34,0,0.683
STU2046,315,118,2,1.3,4.8,8.35,1,0.809
STU2047,304,99,2,3.1,3.9,8.93,0,0.773
STU2048,316,114,3,2.2,4.2,7.88,0,0.745
STU2049,299,115,5,2.5,2.1,8.69,1,0.807
STU2050,320,106,3,3.2,4.5,8.56,0,0.786
STU2051,320,93,5,2.2,4.2,8.01,1,0.852
STU2052,329,91,3,2.8,3.1,8.38,1,0.788
STU2053,320,107,1,3.9,3.1,9.32,0,0.854
STU2054,310,109,4,1.2,4.4,8.94,0,0.774
STU2055,320,115,4,4.7,4.4,8.41,0,0.814
STU2056,330,113,4,3.4,2.3,7.64,0,0.829
STU2057,332,100,3,3.2,1.6,8.54,1,0.793
STU2058,323,102,4,1.9,3.5,8.47,0,0.748
STU2059,315,96,2,4.3,1.7,7.62,0,0.691
STU2060,315,109,4,2.8,1.1,7.39,1,0.792
STU2061,309,93,2,2.7,3.0,8.08,1,0.739
STU2062,301,120,3,4.6,3.3,8.67,1,0.891
STU2063,311,112,1,4.7,1.7,8.67,0,0.737
STU2064,327,110,1,2.1,3.3,9.3,1,0.833
STU2065,316,109,3,2.4,1.4,8.74,1,0.814
STU2066,310,96,2,4.8,2.0,8.16,1,0.77
STU2067,306,105,4,2.4,1.5,9.03,0,0.775
STU2068,324,102,4,2.7,4.4,7.73,0,0.837
STU2069,304,111,4,4.2,4.6,7.64,0,0.744
STU2070,318,107,1,3.4,4.3,8.87,0,0.786
STU2071,322,102,4,1.3,3.1,9.04,1,0.808
STU2072,307,96,2,2.2,4.0,7.52,1,0.748
STU2073,305,113,1,4.1,3.6,8.61,1,0.774
STU2074,319,105,4,2.0,3.3,6.68,1,0.858
STU2075,335,91,1,3.0,3.4,8.26,1,0.778
STU2076,313,102,1,2.3,3.7,8.76,0,0.716
STU2077,335,113,1,1.4,3.4,6.82,0,0.659
STU2078,309,93,4,1.9,3.0,7.66,1,0.798
STU2079,296,102,5,5.0,1.3,8.98,1,0.871
STU2080,297,107,1,1.3,2.3,8.18,1,0.729
STU2081,324,111,5,3.9,1.0,8.23,0,0.799
STU2082,314,106,5,3.6,2.7,8.88,1,0.815
STU2083,332,90,2,1.1,2.3,7.72,1,0.736
STU2084,313,110,3,2.6,1.9,9.53,0,0.808
STU2085,292,99,5,4.3,2.2,8.87,0,0.77
STU2086,317,104,4,1.5,3.1,8.23,1,0.81
STU2087,328,108,2,2.3,3.3,8.86,0,0.788
STU2088,315,94,1,2.1,2.5,7.9,1,0.688
STU2089,326,111,2,3.6,3.0,8.95,1,0.833
STU2090,306,106,5,1.9,3.7,8.37,0,0.773
STU2091,326,112,1,3.6,4.8,9.05,0,0.766
STU2092,337,115,4,2.0,4.1,9.17,0,0.838
STU2093,310,109,4,4.9,3.3,9.02,0,0.859
STU2094,324,109,4,3.6,2.3,10.0,1,0.904
STU2095,307,96,1,2.6,2.7,8.73,0,0.721
STU2096,297,113,4,3.5,2.5,9.46,0,0.874
STU2097,311,107,5,2.5,1.1,10.0,0,0.852
STU2098,309,112,1,4.9,3.4,8.51,0,0.724
STU2099,320,100,4,2.2,4.4,8.11,0,0.766
STU2100,317,106,1,4.8,3.8,6.57,1,0.742
STU2101,338,104,3,3.8,5.0,8.41,1,0.93
STU2102,326,106,5,4.1,4.9,9.48,0,0.823
STU2103,324,110,5,2.3,3.2,8.65,0,0.84
STU2104,301,104,5,2.5,2.3,8.86,0,0.772
STU2105,313,115,3,3.3,2.6,8.53,0,0.754
STU2106,324,94,5,4.8,2.0,7.62,1,0.875
STU2107,317,107,1,2.5,4.8,9.94,1,0.807
STU2108,315,107,4,3.7,4.0,8.8,0,0.845
STU2109,313,103,5,3.9,3.9,8.31,0,0.845
STU2110,314,108,2,3.8,2.0,8.9,0,0.78
STU2111,323,110,1,3.7,5.0,10.0,1,0.931
STU2112,301,103,1,4.8,2.0,7.92,0,0.746
STU2113,316,96,2,2.6,2.2,8.09,0,0.688
STU2114,307,105,3,1.7,4.7,9.13,1,0.794
STU2115,328,100,1,2.9,3.4,9.28,1,0.837
STU2116,307,109,1,3.8,2.5,7.55,1,0.803
STU2117,326,101,5,3.6,1.4,8.99,1,0.888
STU2118,320,103,5,4.5,4.7,8.53,1,0.897
STU2119,312,118,1,2.2,3.7,8.28,0,0.663
STU2120,334,102,1,2.6,2.5,8.49,0,0.733
STU2121,307,102,4,4.1,3.9,9.42,1,0.894
STU2122,300,108,5,4.4,4.3,7.94,1,0.971
STU2123,305,102,4,3.4,1.3,9.72,1,0.882
STU2124,309,113,2,2.2,4.5,8.66,1,0.847
STU2125,316,120,2,4.0,1.4,8.35,0,0.784
STU2126,311,102,2,1.3,4.4,7.98,1,0.714
STU2127,314,99,2,2.8,1.9,8.73,0,0.75
STU2128,316,108,5,2.2,1.8,9.25,1,0.88
STU2129,314,112,2,4.3,1.2,7.44,0,0.665
STU2130,311,109,2,2.9,2.5,8.82,1,0.788
STU2131,311,105,5,2.6,1.2,7.96,0,0.784
STU2132,301,90,4,3.3,3.6,7.47,0,0.745
STU2133,338,110,5,3.6,3.3,8.63,1,0.916
STU2134,332,104,3,2.8,2.9,9.19,0,0.748
STU2135,326,100,2,3.5,2.9,7.78,1,0.786
STU2136,329,110,1,4.2,2.8,7.79,0,0.713
STU2137,327,107,4,3.4,3.1,10.0,0,0.828
STU2138,312,112,5,2.9,2.2,9.5,1,0.896
STU2139,307,97,3,1.8,3.6,8.43,0,0.757
STU2140,322,97,1,4.7,2.0,8.72,0,0.739
STU2141,300,104,4,4.5,3.8,9.41,0,0.877
STU2142,299,115,1,2.3,1.9,9.53,1,0.786
STU2143,300,99,1,2.2,4.9,9.35,1,0.797
STU2144,312,105,1,4.4,1.2,8.5,1,0.712
STU2145,320,99,5,3.5,4.5,8.81,0,0.837
STU2146,312,102,2,1.8,3.2,8.76,0,0.731
STU2147,314,94,1,1.8,2.3,8.66,1,0.746
STU2148,321,109,3,4.7,1.1,8.64,0,0.804
STU2149,320,100,5,2.2,2.2,9.43,0,0.807
STU2150,331,104,5,1.6,3.9,9.38,0,0.814
STU2151,319,90,4,1.1,3.5,8.52,0,0.742
STU2152,300,103,4,2.0,1.1,7.83,1,0.741
STU2153,329,94,1,2.3,4.8,8.8,0,0.746
STU2154,324,91,4,2.7,3.6,8.2,0,0.82
STU2155,310,99,3,1.3,2.4,8.12,0,0.738
STU2156,300,107,1,3.2,2.0,8.45,1,0.735
STU2157,301,100,4,1.9,2.0,7.37,1,0.765
STU2158,314,112,1,3.4,4.8,7.26,0,0.749
STU2159,310,101,5,2.8,1.6,10.0,1,0.889
STU2160,325,103,5,3.9,3.0,9.37,1,0.852
STU2161,320,103,4,4.0,2.0,9.63,1,0.895
STU2162,307,108,2,2.3,4.9,8.99,1,0.795
STU2163,325,108,3,3.0,4.6,8.3,1,0.847
STU2164,336,103,3,3.2,2.3,7.94,0,0.809
STU2165,327,101,5,4.0,2.9,9.1,0,0.848
STU2166,318,104,5,4.3,4.7,8.48,1,0.913
STU2167,308,102,5,1.1,4.8,8.97,0,0.821
STU2168,313,116,2,4.4,1.6,8.74,0,0.711
STU2169,318,96,4,4.4,2.3,8.7,1,0.879
STU2170,298,108,4,4.1,4.7,9.87,1,0.904
STU2171,312,106,5,4.1,3.7,8.62,1,0.859
STU2172,320,104,5,3.9,4.9,8.02,0,0.838
STU2173,315,111,2,3.6,3.6,7.89,0,0.756
STU2174,297,109,5,4.0,2.4,8.19,0,0.82
STU2175,321,104,2,3.8,1.5,8.94,0,0.755
STU2176,330,99,1,1.6,2.6,8.49,0,0.726
STU2177,309,116,1,4.1,1.9,8.78,1,0.747
STU2178,317,104,1,1.7,4.7,8.69,0,0.663
STU2179,313,93,2,2.2,2.9,9.64,1,0.738
STU2180,327,112,4,3.2,4.3,7.64,1,0.851
STU2181,320,109,2,3.1,2.2,8.82,0,0.766
STU2182,314,104,4,2.6,1.6,8.57,1,0.762
STU2183,325,105,1,4.8,4.3,9.39,1,0.847
STU2184,313,110,2,3.9,4.7,8.8,0,0.791
STU2185,315,94,1,1.2,4.8,9.64,0,0.79
STU2186,298,96,3,3.5,2.6,8.89,1,0.762
STU2187,304,103,1,1.9,2.3,8.51,1,0.802
STU2188,318,107,4,3.7,1.3,7.4,1,0.792
STU2189,299,92,5,3.0,4.1,7.85,0,0.729
STU2190,316,112,3,2.6,3.0,9.3,1,0.855
STU2191,312,105,1,2.1,1.3,9.48,0,0.725
STU2192,311,105,1,3.8,3.7,8.53,1,0.763
STU2193,321,99,1,3.5,2.9,7.84,0,0.685
STU2194,312,92,4,2.0,4.9,9.16,0,0.757
STU2195,321,100,4,3.7,3.6,8.42,1,0.847
STU2196,327,111,4,2.8,1.5,8.88,1,0.854
STU2197,312,110,5,2.0,4.7,8.78,1,0.872
STU2198,305,105,5,2.5,4.5,9.68,0,0.871
STU2199,298,113,2,4.1,4.3,8.62,0,0.812
STU2200,333,106,4,2.4,1.3,8.85,1,0.856
STU2201,319,111,3,4.7,4.4,9.26,0,0.792
STU2202,316,97,2,3.3,1.7,8.92,1,0.793
STU2203,303,103,5,3.5,3.7,8.63,1,0.897
STU2204,332,120,2,1.6,3.1,7.93,0,0.756
STU2205,314,105,5,1.3,4.6,8.52,1,0.883
STU2206,313,95,1,1.0,3.0,8.48,0,0.702
STU2207,318,106,1,1.7,1.5,9.24,0,0.764
STU2208,329,96,5,3.9,4.1,8.13,1,0.912
STU2209,324,105,3,4.1,1.5,8.67,0,0.757
STU2210,306,109,2,5.0,4.0,8.14,1,0.833
STU2211,329,93,1,4.3,4.9,8.87,0,0.799
STU2212,307,104,4,4.2,1.0,7.34,0,0.751
STU2213,315,113,3,4.5,3.1,8.06,0,0.789
STU2214,324,101,5,1.6,2.8,8.24,0,0.785
STU2215,311,113,3,2.2,2.5,9.84,1,0.812
STU2216,298,108,3,4.4,1.1,7.76,1,0.781
STU2217,324,100,2,4.6,4.9,8.07,1,0.825
STU2218,299,104,1,2.2,4.6,8.51,1,0.825
STU2219,298,107,2,3.8,4.3,7.99,0,0.723
STU2220,333,106,5,2.7,4.7,8.77,0,0.868
STU2221,317,103,1,3.6,1.9,7.73,0,0.682
STU2222,295,115,1,4.4,2.6,9.77,0,0.8
STU2223,312,100,4,2.7,2.1,8.64,1,0.844
STU2224,312,108,2,3.2,3.6,8.55,1,0.79
STU2225,306,99,1,3.0,5.0,9.17,0,0.817
STU2226,316,116,3,3.6,4.4,8.87,0,0.874
STU2227,313,107,1,2.9,3.7,6.98,1,0.696
STU2228,314,106,5,4.9,4.4,8.31,0,0.892
STU2229,313,116,1,2.9,3.0,8.37,0,0.741
STU2230,316,110,2,1.2,4.4,8.84,0,0.765
STU2231,305,106,5,1.2,2.3,10.0,0,0.8
STU2232,315,104,4,4.4,1.1,8.52,1,0.847
STU2233,327,99,1,1.2,3.5,7.31,0,0.699
STU2234,333,106,5,4.0,4.2,7.82,1,0.945
STU2235,311,104,4,2.6,2.3,9.88,1,0.816
STU2236,324,108,4,4.3,5.0,8.82,1,0.887
STU2237,305,103,1,3.4,3.8,8.75,0,0.752
STU2238,330,106,4,1.4,1.7,8.65,0,0.728
STU2239,297,96,3,2.6,1.3,8.31,1,0.747
STU2240,328,91,1,1.9,1.3,9.28,0,0.738
STU2241,313,112,2,4.1,2.8,7.63,1,0.855
STU2242,308,112,2,3.6,4.5,8.68,1,0.841
STU2243,307,109,4,1.6,4.8,9.29,0,0.76
STU2244,303,92,2,2.7,4.3,9.72,1,0.813
STU2245,326,102,4,1.8,2.3,8.43,1,0.834
STU2246,305,102,3,4.8,3.4,8.18,0,0.785
STU2247,321,109,1,5.0,3.7,7.05,1,0.813
STU2248,301,97,5,2.2,4.3,8.52,1,0.836
STU2249,321,114,3,3.6,3.0,7.65,1,0.792
STU2250,312,104,5,1.9,1.7,7.52,1,0.779
STU2251,312,100,1,4.4,1.0,8.9,0,0.711
STU2252,309,103,5,1.5,2.2,7.87,0,0.734
STU2253,311,93,2,1.4,4.7,7.55,0,0.73
STU2254,313,105,2,2.2,3.5,8.83,0,0.76
STU2255,307,102,1,1.5,3.1,7.55,0,0.731
STU2256,291,114,1,4.8,2.8,9.21,1,0.816
STU2257,319,111,2,2.8,3.8,8.87,0,0.747
STU2258,316,105,5,4.6,1.7,8.92,1,0.876
STU2259,322,120,1,3.1,3.0,7.35,0,0.715
STU2260,326,104,1,5.0,3.6,9.96,0,0.815
STU2261,308,111,3,3.9,3.3,9.15,0,0.789
STU2262,310,118,1,4.9,3.1,8.68,0,0.751
STU2263,320,95,4,2.7,2.9,8.41,1,0.811
STU2264,312,113,5,4.5,3.4,8.4,0,0.809
STU2265,311,102,2,2.0,2.6,9.22,1,0.785
STU2266,325,103,2,2.4,3.7,8.12,1,0.751
STU2267,304,110,4,1.9,1.9,8.31,0,0.712
STU2268,300,117,3,3.1,3.8,9.77,0,0.871
STU2269,314,102,5,3.5,1.9,9.07,1,0.856
STU2270,307,102,4,3.6,3.0,7.67,0,0.78
STU2271,313,104,1,3.7,4.7,8.55,0,0.718
STU2272,306,114,2,2.6,1.6,9.12,1,0.845
STU2273,315,108,1,2.7,2.6,9.51,1,0.85
STU2274,326,99,2,2.5,4.7,9.34,0,0.811
STU2275,315,104,1,4.5,4.3,7.9,1,0.869
STU2276,328,101,2,1.6,4.5,7.96,0,0.753
STU2277,318,98,5,4.6,3.9,9.4,1,0.858
STU2278,321,104,2,1.5,3.6,8.96,0,0.736
STU2279,313,102,5,2.2,2.2,7.85,0,0.739
STU2280,314,108,2,4.1,3.4,8.17,1,0.838
STU2281,309,96,2,4.5,4.6,8.58,0,0.811
STU2282,309,108,2,3.3,4.6,8.73,0,0.796
STU2283,314,103,2,3.6,2.1,8.14,0,0.713
STU2284,302,112,1,4.5,3.5,8.75,1,0.767
STU2285,325,114,1,2.9,3.7,9.07,1,0.783
STU2286,316,106,4,3.4,2.7,8.71,0,0.771
STU2287,328,104,1,4.4,1.3,8.88,0,0.688
STU2288,324,103,5,1.6,1.8,7.52,1,0.815
STU2289,314,106,3,1.0,3.9,8.57,1,0.803
STU2290,313,104,2,3.9,3.1,9.25,0,0.772
STU2291,318,109,3,2.8,2.2,8.62,1,0.852
STU2292,291,98,2,4.1,4.9,8.24,1,0.827
STU2293,312,111,2,1.7,2.8,8.09,1,0.789
STU2294,330,97,5,2.6,3.2,8.56,1,0.847
STU2295,329,102,1,3.6,1.9,7.29,1,0.713
STU2296,309,105,3,1.4,2.4,9.01,0,0.718
STU2297,317,102,1,3.4,4.8,8.6,0,0.802
STU2298,309,106,2,4.2,3.8,7.56,0,0.73
STU2299,324,115,5,3.7,3.1,8.78,1,0.951
STU2300,318,97,1,5.0,4.9,8.11,0,0.75
STU2301,327,105,5,2.8,3.7,6.62,0,0.82
STU2302,328,107,2,2.0,4.0,9.67,0,0.807
STU2303,309,95,1,3.1,3.0,7.39,1,0.757
STU2304,311,99,2,2.0,3.7,7.05,1,0.767
STU2305,323,105,1,1.0,1.8,9.33,0,0.73
STU2306,340,93,5,3.3,2.7,8.24,0,0.769
STU2307,335,102,5,3.8,4.1,9.43,1,0.9
STU2308,308,99,5,2.0,2.7,8.79,0,0.792
STU2309,307,110,5,3.8,4.3,8.07,1,0.89
STU2310,307,90,1,2.5,1.4,7.51,0,0.678
STU2311,323,104,5,3.5,2.3,7.55,1,0.882
STU2312,319,104,5,2.5,4.8,9.41,1,0.888
STU2313,307,110,2,4.2,2.7,6.58,1,0.782
STU2314,309,106,2,4.9,3.8,7.81,1,0.772
STU2315,330,101,4,3.5,3.8,9.33,0,0.834
STU2316,318,115,2,4.9,3.2,8.48,1,0.856
STU2317,304,104,5,1.9,4.1,7.54,0,0.789
STU2318,318,104,2,1.5,4.2,8.67,1,0.759
STU2319,316,103,2,1.8,1.4,9.03,0,0.725
STU2320,313,104,4,4.4,4.3,8.23,0,0.892
STU2321,311,99,5,4.4,2.5,8.04,0,0.873
STU2322,319,106,5,1.7,2.2,8.93,1,0.823
STU2323,306,108,1,2.9,5.0,8.58,0,0.753
STU2324,307,104,1,4.1,4.7,8.22,0,0.768
STU2325,319,97,1,1.6,2.0,7.34,0,0.672
STU2326,318,99,3,4.9,4.4,8.2,0,0.794
STU2327,325,101,4,2.3,1.1,8.48,1,0.812
STU2328,316,108,2,3.2,3.1,7.53,0,0.757
STU2329,323,98,2,2.4,4.5,8.91,1,0.812
STU2330,308,108,2,3.9,3.6,8.58,0,0.722
STU2331,311,114,5,2.6,4.9,8.54,0,0.827
STU2332,298,91,2,3.1,4.0,8.95,1,0.771
STU2333,307,111,1,2.4,1.3,8.59,0,0.696
STU2334,309,112,4,2.8,1.4,6.79,0,0.769
STU2335,311,103,2,3.7,3.6,8.78,0,0.796
STU2336,324,98,3,4.4,2.9,7.3,1,0.834
STU2337,308,104,2,3.9,5.0,8.76,1,0.855
STU2338,312,99,4,1.9,4.0,9.02,0,0.777
STU2339,337,101,1,1.4,1.0,9.85,1,0.75
STU2340,321,113,2,4.7,3.4,8.68,1,0.835
STU2341,318,101,1,4.9,3.7,8.4,0,0.724
STU2342,307,114,3,2.0,3.1,10.0,1,0.821
STU2343,308,104,4,4.0,3.1,8.18,0,0.753
STU2344,305,99,3,1.5,1.5,8.29,1,0.773
STU2345,313,103,4,3.6,4.1,8.32,0,0.759
STU2346,317,103,2,2.5,3.1,8.72,1,0.757
STU2347,304,101,4,4.9,3.3,8.54,0,0.807
STU2348,294,102,2,3.8,3.7,7.84,0,0.738
STU2349,314,93,5,4.2,3.0,8.83,1,0.822
STU2350,325,100,2,4.3,1.0,8.57,1,0.821
STU2351,301,96,3,2.9,1.1,8.21,1,0.744
STU2352,310,111,5,4.5,4.9,9.53,1,0.945
STU2353,324,104,2,2.7,4.5,9.65,0,0.829
STU2354,318,106,1,2.6,4.8,8.95,0,0.798
STU2355,323,110,5,2.6,1.7,8.93,0,0.758
STU2356,333,117,5,2.7,4.0,8.3,1,0.902
STU2357,319,99,3,3.6,4.3,10.0,1,0.872
STU2358,310,93,1,3.6,4.7,8.18,0,0.765
STU2359,305,115,2,2.7,1.4,7.4,1,0.76
STU2360,306,103,3,2.5,4.8,9.2,1,0.853
STU2361,311,107,2,2.1,2.4,8.64,1,0.785
STU2362,324,99,4,1.8,2.7,9.92,1,0.852
STU2363,321,111,2,3.8,3.9,8.05,1,0.835
STU2364,296,104,1,2.6,3.9,8.28,1,0.774
STU2365,315,106,1,1.4,4.9,7.95,0,0.778
STU2366,308,106,5,4.7,4.8,7.84,1,0.905
STU2367,322,106,2,3.5,3.4,8.76,1,0.814
STU2368,330,103,4,1.6,2.6,9.86,0,0.815
STU2369,334,107,2,2.0,1.5,8.81,1,0.763
STU2370,323,103,2,3.2,3.0,8.38,0,0.807
STU2371,320,119,4,4.3,2.3,8.6,1,0.878
STU2372,322,103,2,4.5,2.1,8.76,0,0.758
STU2373,312,106,1,4.3,1.7,9.11,0,0.767
STU2374,299,99,5,3.0,2.1,8.82,0,0.812
STU2375,308,105,1,1.4,4.0,9.1,1,0.783
STU2376,309,109,5,4.7,1.1,9.64,1,0.858
STU2377,314,113,3,4.2,4.6,8.06,0,0.788
STU2378,336,102,1,2.9,2.2,9.47,0,0.729
STU2379,314,108,4,2.8,1.4,9.78,1,0.808
STU2380,325,101,2,3.3,3.5,7.43,1,0.82
STU2381,336,103,2,2.5,3.3,8.63,0,0.793
STU2382,311,109,5,2.3,2.7,8.43,1,0.871
STU2383,293,96,2,4.5,4.1,8.2,0,0.769
STU2384,328,116,1,2.8,4.1,7.46,0,0.756
STU2385,324,98,2,4.0,4.8,9.09,1,0.811
STU2386,321,120,4,4.3,4.0,8.75,1,0.9
STU2387,321,97,5,2.5,3.3,8.66,1,0.822
STU2388,306,97,4,4.9,1.2,9.09,0,0.692
STU2389,332,106,3,1.2,1.9,7.69,0,0.729
STU2390,311,105,2,1.9,3.9,8.89,0,0.727
STU2391,328,110,5,1.9,2.4,9.13,1,0.838
STU2392,317,106,3,3.4,1.9,8.52,0,0.798
STU2393,324,96,3,1.2,4.1,9.58,1,0.819
STU2394,323,108,1,1.1,2.0,8.47,1,0.753
STU2395,311,120,1,4.6,2.2,7.91,1,0.815
STU2396,324,106,1,3.5,3.6,8.83,0,0.754
STU2397,329,98,3,2.2,3.3,8.18,0,0.767
STU2398,314,101,3,4.9,4.9,8.47,0,0.865
STU2399,312,117,5,4.7,4.9,7.75,1,0.952
STU2400,314,99,1,1.4,4.5,7.45,0,0.674
STU2401,311,94,3,1.1,2.7,7.34,0,0.695
STU2402,298,107,3,3.5,2.9,9.05,1,0.834
STU2403,328,99,2,3.8,4.5,9.84,1,0.864
STU2404,301,94,2,2.8,3.4,8.65,0,0.724
STU2405,328,109,3,2.6,4.3,8.05,0,0.74
STU2406,333,103,4,3.8,1.2,8.39,0,0.804
STU2407,301,119,4,3.3,2.3,7.54,0,0.749
STU2408,324,102,5,3.0,1.7,8.01,0,0.801
STU2409,311,102,5,2.4,3.9,7.64,1,0.825
STU2410,294,97,1,4.6,3.4,8.83,0,0.747
STU2411,317,106,1,4.6,4.3,9.35,0,0.817
STU2412,320,112,2,3.8,1.5,8.01,1,0.784
STU2413,330,107,1,2.6,2.7,8.1,0,0.694
STU2414,335,106,4,1.4,3.8,8.22,1,0.845
STU2415,307,112,3,4.1,2.8,8.0,0,0.778
STU2416,307,99,1,4.5,2.0,8.13,0,0.694
STU2417,318,101,5,3.2,1.8,8.8,0,0.801
STU2418,321,105,5,2.0,3.5,8.86,1,0.89
STU2419,313,101,1,4.4,2.8,8.43,0,0.766
STU2420,322,102,3,3.9,5.0,8.52,1,0.892
STU2421,326,98,4,4.1,3.0,8.7,0,0.818
STU2422,320,111,5,2.6,4.3,8.8,0,0.825
STU2423,316,92,1,4.8,3.9,9.84,0,0.8
STU2424,320,101,3,3.8,1.2,9.01,1,0.819
STU2425,310,105,2,3.3,3.0,7.98,0,0.729
STU2426,332,103,2,3.2,2.8,9.25,1,0.799
STU2427,319,104,1,2.6,4.8,9.28,1,0.828
STU2428,326,106,4,5.0,1.7,8.86,0,0.824
STU2429,326,116,4,3.3,3.6,8.42,0,0.814
STU2430,312,107,2,1.6,4.2,8.87,0,0.708
STU2431,319,120,2,3.4,4.7,7.56,1,0.79
STU2432,293,107,2,4.1,2.4,7.92,1,0.795
STU2433,320,97,4,4.7,4.0,8.14,1,0.894
STU2434,317,104,4,3.7,2.3,8.3,1,0.837
STU2435,298,111,1,3.1,3.0,7.7,0,0.677
STU2436,314,102,1,4.2,2.6,8.18,1,0.791
STU2437,302,116,4,1.4,4.9,8.05,0,0.851
STU2438,309,102,3,4.8,4.3,8.14,0,0.789
STU2439,296,120,2,1.1,1.5,9.3,1,0.799
STU2440,309,95,1,1.0,1.6,7.89,0,0.599
STU2441,325,108,5,3.7,4.1,8.45,0,0.882
STU2442,315,101,5,3.1,3.2,10.0,0,0.811
STU2443,298,105,2,1.8,3.8,9.32,0,0.743
STU2444,315,107,1,3.7,4.2,8.4,1,0.801
STU2445,318,104,2,4.4,1.7,7.64,1,0.76
STU2446,305,115,1,4.3,2.5,8.25,1,0.821
STU2447,312,116,3,3.6,1.6,7.79,1,0.797
STU2448,313,113,3,3.0,3.5,9.37,1,0.917
STU2449,319,109,5,4.1,1.4,8.58,1,0.893
STU2450,319,107,1,3.6,1.8,8.27,1,0.813
STU2451,303,100,3,4.7,1.1,8.57,0,0.75
STU2452,299,110,4,2.6,1.5,8.47,0,0.702
STU2453,323,110,5,1.0,4.9,8.41,1,0.87
STU2454,315,97,2,1.2,1.9,7.45,0,0.686
STU2455,325,102,3,2.2,1.2,8.44,1,0.758
STU2456,298,110,2,4.9,3.8,7.68,1,0.817
STU2457,316,113,2,2.4,4.7,8.61,0,0.738
STU2458,305,100,5,4.2,4.2,8.54,1,0.875
STU2459,310,95,4,4.7,3.3,8.36,1,0.874
STU2460,311,109,4,1.6,3.4,9.29,1,0.824
STU2461,326,100,3,4.5,2.2,8.79,1,0.79
STU2462,318,107,3,2.1,2.9,7.76,0,0.743
STU2463,325,97,2,2.0,3.1,8.85,1,0.714
STU2464,322,101,4,3.4,1.6,9.27,0,0.823
STU2465,309,111,1,2.9,3.6,7.87,0,0.765
STU2466,308,101,2,1.9,2.5,9.48,1,0.778
STU2467,320,97,2,2.6,1.8,8.92,1,0.802
STU2468,331,103,1,3.4,1.4,8.66,1,0.827
STU2469,318,99,3,3.6,4.1,7.35,0,0.772
STU2470,317,108,4,4.2,2.9,7.29,0,0.755
STU2471,315,101,2,1.8,2.2,8.63,1,0.756
STU2472,312,109,1,2.6,3.3,7.82,0,0.748
STU2473,301,102,4,4.0,3.1,8.22,0,0.808
STU2474,328,106,2,1.6,2.6,9.32,0,0.782
STU2475,319,100,3,3.8,2.8,8.94,1,0.822
STU2476,317,118,3,2.3,4.3,8.75,1,0.786
STU2477,306,100,5,1.0,3.4,7.9,1,0.778
STU2478,307,117,5,4.5,2.7,7.57,0,0.839
STU2479,319,116,5,4.0,4.9,8.59,1,0.955
STU2480,301,99,2,3.4,4.2,9.21,1,0.827
STU2481,301,98,4,1.9,4.2,7.84,1,0.81
STU2482,290,108,3,3.7,4.4,8.54,0,0.747
STU2483,307,107,3,4.0,4.9,8.82,0,0.848
STU2484,327,108,4,2.3,3.3,7.56,0,0.777
STU2485,310,112,3,2.3,4.4,9.39,1,0.889
STU2486,332,108,3,4.7,1.0,8.1,0,0.774
STU2487,297,96,4,1.3,3.8,8.69,0,0.792
STU2488,316,100,5,4.0,4.9,8.97,1,0.919
STU2489,320,115,3,1.9,2.4,8.75,0,0.758
STU2490,308,108,4,2.7,2.1,8.7,1,0.833
STU2491,319,120,3,1.8,4.0,7.9,1,0.824
STU2492,317,119,3,2.0,1.1,9.34,0,0.786
STU2493,320,109,5,4.3,1.5,8.32,1,0.84
STU2494,314,113,3,1.3,4.0,8.12,1,0.826
STU2495,316,108,4,4.4,3.1,7.6,1,0.862
STU2496,321,97,1,2.0,4.3,9.07,1,0.812
STU2497,318,90,5,1.3,4.0,8.52,1,0.877
STU2498,318,112,1,4.6,4.8,8.84,1,0.907
STU2499,331,115,4,3.3,3.7,8.67,0,0.859
STU2500,328,120,3,1.8,4.5,8.11,1,0.874
STU2501,308,108,5,3.3,2.1,8.76,0,0.824
STU2502,316,108,4,4.9,1.4,7.92,0,0.728
STU2503,313,98,2,4.2,3.6,8.34,0,0.767
STU2504,322,109,4,4.8,4.2,8.59,0,0.857
STU2505,336,102,2,4.4,4.3,7.82,1,0.839
STU2506,312,109,5,3.0,2.6,7.54,0,0.766
STU2507,290,102,2,1.3,3.8,9.55,0,0.729
STU2508,329,98,4,5.0,3.6,8.45,0,0.839
STU2509,325,97,3,4.5,2.0,8.62,0,0.73
STU2510,321,107,3,4.4,3.7,8.83,1,0.864
STU2511,314,105,3,4.8,1.0,8.99,0,0.795
STU2512,314,110,5,2.6,3.7,8.88,1,0.854
STU2513,309,109,4,1.1,2.7,8.74,1,0.785
STU2514,321,95,1,2.5,3.1,8.43,1,0.808
STU2515,322,101,1,1.7,3.3,7.54,1,0.735
STU2516,328,113,1,4.1,2.0,8.77,1,0.845
STU2517,331,111,5,2.8,2.7,9.29,1,0.899
STU2518,334,108,4,3.4,3.2,8.55,1,0.892
STU2519,309,110,2,4.3,1.0,8.14,0,0.755
STU2520,319,109,3,1.9,1.3,8.9,1,0.792
STU2521,312,95,3,4.2,4.1,8.37,0,0.705
STU2522,328,110,4,2.9,4.9,9.82,0,0.865
STU2523,321,110,2,2.4,2.8,8.97,1,0.8
STU2524,314,108,3,1.1,2.2,7.47,0,0.678
STU2525,306,101,2,2.8,4.6,8.57,1,0.821
STU2526,314,101,3,2.6,4.4,8.4,1,0.786
STU2527,334,111,3,5.0,2.8,7.51,1,0.8
STU2528,330,106,3,1.5,1.6,9.7,1,0.812
STU2529,299,108,4,2.2,3.8,7.71,0,0.743
STU2530,312,106,5,2.1,4.6,9.69,0,0.835
STU2531,308,99,5,1.4,1.7,8.32,0,0.676
STU2532,322,101,1,1.6,2.7,7.91,1,0.707
STU2533,326,99,1,4.1,3.0,9.64,1,0.826
STU2534,319,101,2,5.0,3.2,8.65,0,0.776
STU2535,327,96,2,3.8,1.9,8.78,0,0.763
STU2536,321,104,4,4.1,1.6,8.37,1,0.844
STU2537,304,106,4,2.1,1.4,6.89,0,0.7
STU2538,310,110,5,4.0,1.7,7.27,1,0.838
STU2539,314,100,3,1.1,2.1,9.4,0,0.798
STU2540,301,108,5,1.9,2.6,8.84,1,0.829
STU2541,294,111,4,3.6,1.0,7.98,0,0.784
STU2542,303,112,2,1.0,2.1,7.36,1,0.74
STU2543,324,109,4,3.5,3.3,7.81,0,0.771
STU2544,295,99,1,2.1,3.9,7.59,1,0.778
STU2545,301,106,4,1.4,4.9,9.15,0,0.837
STU2546,318,104,4,2.4,4.7,9.01,0,0.823
STU2547,310,102,1,4.3,4.6,6.52,1,0.814
STU2548,311,105,1,3.7,1.1,9.36,0,0.776
STU2549,290,102,3,3.2,1.1,7.85,0,0.739
STU2550,313,109,5,1.5,2.0,9.16,1,0.864
STU2551,305,107,3,4.4,3.0,8.15,1,0.791
STU2552,312,116,5,4.6,2.6,9.33,1,0.921
STU2553,325,112,4,1.3,2.9,9.46,1,0.889
STU2554,308,104,3,2.3,4.6,8.28,0,0.742
STU2555,318,107,5,4.8,1.8,7.73,0,0.821
STU2556,321,109,2,4.8,2.4,9.32,1,0.832
STU2557,323,120,4,4.4,3.9,7.01,0,0.833
STU2558,318,102,4,3.4,2.1,6.89,0,0.709
STU2559,316,103,3,2.3,3.8,8.99,0,0.755
STU2560,324,118,1,4.1,1.4,9.47,0,0.805
STU2561,295,111,1,4.0,3.3,9.41,0,0.749
STU2562,301,93,1,3.5,1.5,7.64,1,0.783
STU2563,321,95,4,2.4,3.8,8.31,0,0.804
STU2564,312,116,4,2.6,3.5,8.69,1,0.856
STU2565,308,98,3,3.9,2.0,8.4,1,0.784
STU2566,318,100,3,3.8,4.2,8.86,0,0.789
STU2567,312,112,4,1.0,1.1,8.52,0,0.717
STU2568,307,116,1,3.6,1.5,7.47,1,0.747
STU2569,310,100,2,1.7,3.6,8.75,0,0.76
STU2570,313,101,5,3.2,4.9,8.44,0,0.837
STU2571,308,103,1,3.1,2.0,9.02,0,0.731
STU2572,303,93,1,2.7,4.3,8.02,1,0.717
STU2573,313,108,1,1.1,2.8,7.12,1,0.713
STU2574,318,104,5,2.9,2.4,8.77,1,0.853
STU2575,307,103,1,4.7,2.4,8.36,1,0.785
STU2576,318,109,2,2.2,2.7,9.43,0,0.729
STU2577,313,102,3,3.8,1.2,8.04,0,0.748
STU2578,329,111,2,1.6,1.1,9.3,0,0.746
STU2579,321,92,5,2.6,3.8,8.58,0,0.842
STU2580,310,107,2,2.5,2.4,9.56,1,0.821
STU2581,321,98,4,1.4,2.5,8.75,0,0.768
STU2582,311,99,2,2.6,1.1,9.12,0,0.724
STU2583,306,96,5,1.3,1.0,7.4,1,0.806
STU2584,328,110,1,4.9,1.5,8.09,1,0.798
STU2585,316,120,4,1.1,3.7,7.27,0,0.742
STU2586,331,106,4,4.9,2.8,9.47,1,0.928
STU2587,314,103,4,4.7,2.7,9.43,0,0.824
STU2588,317,99,2,2.4,2.9,7.77,1,0.77
STU2589,327,106,1,1.5,1.2,9.67,1,0.757
STU2590,316,101,4,2.6,3.3,8.27,1,0.858
STU2591,313,99,2,3.8,1.2,9.35,0,0.747
STU2592,329,120,5,4.7,3.0,8.17,0,0.875
STU2593,317,109,5,3.3,1.7,8.49,1,0.851
STU2594,312,95,5,1.9,3.1,8.36,0,0.777
STU2595,315,110,5,1.2,1.2,8.6,1,0.848
STU2596,311,115,4,1.8,2.5,9.2,0,0.803
STU2597,305,107,3,3.0,3.6,8.49,1,0.89
STU2598,317,107,5,4.3,1.9,8.77,1,0.853
STU2599,310,120,4,2.8,2.9,9.01,1,0.881
STU2600,312,94,4,1.7,2.6,9.04,0,0.791
STU2601,309,99,3,3.0,2.1,7.44,0,0.672
STU2602,327,105,5,4.5,4.9,7.26,1,0.896
STU2603,317,109,5,4.6,4.3,8.72,0,0.798
STU2604,311,106,1,1.8,2.4,8.7,0,0.714
STU2605,328,101,5,3.8,4.8,8.83,0,0.832
STU2606,322,110,1,4.9,1.7,8.62,1,0.823
STU2607,313,101,5,3.0,3.2,8.17,0,0.794
STU2608,315,103,4,1.9,3.6,9.25,1,0.803
STU2609,310,97,5,3.1,2.9,8.59,0,0.806
STU2610,326,100,1,2.5,4.3,7.38,0,0.695
STU2611,327,98,3,3.6,2.7,9.49,1,0.817
STU2612,315,102,2,3.5,3.7,8.49,1,0.807
STU2613,319,108,3,2.9,3.8,9.13,1,0.809
STU2614,304,98,5,1.8,1.0,8.26,0,0.782
STU2615,299,111,2,1.2,3.0,8.95,1,0.8
STU2616,302,113,1,4.3,4.1,9.16,1,0.835
STU2617,303,100,4,4.4,1.9,8.33,1,0.779
STU2618,312,106,2,3.8,1.2,7.63,0,0.735
STU2619,314,104,1,3.0,3.2,9.41,1,0.814
STU2620,300,91,5,3.5,2.4,7.34,0,0.724
STU2621,303,99,1,3.8,2.9,8.05,0,0.759
STU2622,324,98,2,1.6,2.3,8.27,1,0.754
STU2623,312,98,2,3.7,3.1,8.71,1,0.78
STU2624,297,93,1,1.0,1.9,8.35,1,0.703
STU2625,308,99,5,3.7,2.3,9.47,1,0.854
STU2626,329,113,4,1.0,1.0,8.59,1,0.854
STU2627,314,113,2,4.4,3.3,7.7,1,0.796
STU2628,334,118,4,1.4,2.3,9.38,0,0.796
STU2629,312,96,5,4.1,2.6,8.5,0,0.815
STU2630,325,113,3,4.0,3.3,8.6,1,0.834
STU2631,321,103,5,2.5,1.1,8.15,0,0.738
STU2632,312,111,3,4.2,4.5,8.2,1,0.83
STU2633,317,109,5,2.4,2.2,8.34,1,0.84
STU2634,327,111,3,4.7,4.2,8.62,0,0.852
STU2635,306,105,1,3.9,4.0,7.59,0,0.734
STU2636,320,103,3,3.8,1.5,7.45,0,0.721
STU2637,309,107,1,2.3,2.8,7.87,1,0.755
STU2638,318,104,3,3.2,2.4,8.92,0,0.727
STU2639,308,113,3,2.0,2.2,8.02,1,0.828
STU2640,317,95,4,1.7,3.2,8.72,0,0.777
STU2641,304,113,3,3.3,1.3,8.92,1,0.83
STU2642,313,99,4,4.1,1.9,8.04,0,0.759
STU2643,323,110,3,2.8,2.7,9.45,0,0.79
STU2644,322,100,2,3.3,1.6,7.23,0,0.713
STU2645,305,110,1,2.9,4.4,9.55,1,0.833
STU2646,299,97,1,3.9,2.2,8.87,1,0.728
STU2647,315,114,3,1.3,1.8,8.33,0,0.744
STU2648,315,98,4,4.2,3.4,8.13,0,0.779
STU2649,311,104,4,1.4,2.4,8.49,0,0.69
STU2650,316,96,3,2.4,3.9,7.64,0,0.765
STU2651,309,113,2,2.3,4.5,8.59,1,0.864
STU2652,331,95,5,1.7,4.2,8.26,1,0.893
STU2653,323,100,4,2.2,4.9,9.78,0,0.841
STU2654,321,108,5,1.6,3.0,8.17,1,0.873
STU2655,309,99,3,2.6,2.6,7.41,0,0.705
STU2656,313,112,3,3.4,4.5,7.55,1,0.823
STU2657,323,100,4,4.1,2.8,8.46,1,0.868
STU2658,315,118,1,4.1,1.8,8.9,1,0.804
STU2659,331,110,3,3.2,4.7,7.58,0,0.764
STU2660,305,120,4,4.6,2.7,8.22,0,0.844
STU2661,319,116,4,3.3,4.6,8.2,1,0.921
STU2662,312,105,2,1.1,4.7,7.25,1,0.829
STU2663,312,96,4,2.1,3.7,9.22,0,0.769
STU2664,330,116,3,3.6,3.8,8.11,1,0.875
STU2665,312,105,3,3.0,3.8,9.13,0,0.83
STU2666,325,98,1,4.7,1.6,8.04,0,0.762
STU2667,313,95,2,2.0,3.4,8.54,1,0.792
STU2668,316,116,1,1.6,4.5,7.62,0,0.71
STU2669,304,103,4,4.9,2.0,8.03,1,0.852
STU2670,315,112,3,3.8,4.8,9.13,0,0.88
STU2671,331,104,4,3.1,1.1,7.59,1,0.819
STU2672,298,90,4,4.5,4.9,9.35,1,0.888
STU2673,321,103,1,3.7,2.6,8.75,1,0.772
STU2674,321,102,2,3.6,4.2,8.66,0,0.735
STU2675,292,112,2,1.5,4.1,6.83,0,0.691
STU2676,315,99,4,3.1,4.5,7.73,0,0.819
STU2677,315,102,3,3.7,1.7,8.98,1,0.808
STU2678,305,103,2,4.6,3.6,9.1,1,0.807
STU2679,309,110,2,3.0,4.9,8.75,0,0.857
STU2680,313,103,3,3.2,4.8,8.47,1,0.854
STU2681,311,114,4,2.2,1.7,7.64,1,0.787
STU2682,319,106,4,3.8,3.4,9.56,0,0.874
STU2683,321,100,5,2.1,4.2,9.28,0,0.882
STU2684,314,108,4,1.8,3.0,8.46,0,0.808
STU2685,322,108,5,3.9,1.9,7.98,0,0.792
STU2686,326,120,1,1.1,1.9,8.43,0,0.716
STU2687,302,114,4,4.8,2.3,8.32,1,0.846
STU2688,324,111,4,1.7,3.3,8.2,0,0.796
STU2689,306,102,3,4.7,1.8,8.76,0,0.751
STU2690,312,114,1,4.9,3.8,9.75,0,0.832
STU2691,329,110,2,3.8,2.3,7.51,1,0.771
STU2692,328,111,5,3.5,4.9,10.0,1,0.966
STU2693,303,109,2,2.9,2.9,8.59,0,0.78
STU2694,325,99,4,3.7,4.5,8.3,1,0.84
STU2695,305,106,4,1.3,1.5,7.95,0,0.687
STU2696,297,107,1,2.3,3.5,7.81,1,0.77
STU2697,307,102,2,4.4,4.6,7.82,1,0.843
STU2698,320,107,2,2.3,2.4,8.37,1,0.751
STU2699,324,120,4,4.0,3.0,6.29,0,0.761
STU2700,328,93,5,1.5,3.6,8.05,1,0.78
STU2701,317,98,4,4.5,1.8,7.48,0,0.754
STU2702,319,108,5,2.2,5.0,7.68,1,0.856
STU2703,325,106,1,3.4,3.6,8.76,1,0.798
STU2704,314,104,4,3.5,1.6,7.38,0,0.753
STU2705,307,96,2,1.2,3.5,9.28,0,0.798
STU2706,312,104,4,3.8,3.4,9.72,0,0.842
STU2707,311,111,1,3.7,4.8,7.72,0,0.751
STU2708,325,99,3,1.9,3.1,10.0,0,0.786
STU2709,307,107,1,2.5,3.2,8.57,1,0.822
STU2710,322,113,2,2.1,3.3,8.52,1,0.752
STU2711,296,109,4,3.7,3.5,8.31,0,0.811
STU2712,309,90,4,3.4,4.3,8.79,1,0.83
STU2713,316,98,3,2.2,1.4,9.62,0,0.768
STU2714,319,90,5,4.1,2.5,9.22,1,0.861
STU2715,309,98,4,1.1,1.2,6.78,0,0.703
STU2716,305,95,2,4.2,2.5,8.85,0,0.777
STU2717,325,99,2,2.3,1.3,9.4,1,0.803
STU2718,306,108,2,3.5,2.5,7.83,1,0.797
STU2719,315,108,2,2.8,1.4,8.35,0,0.749
STU2720,309,99,2,2.4,4.6,9.5,1,0.82
STU2721,334,92,2,1.9,2.0,7.29,1,0.743
STU2722,300,111,2,1.8,1.8,7.55,1,0.696
STU2723,304,102,4,4.1,1.6,8.93,1,0.847
STU2724,314,111,4,3.1,3.3,6.92,0,0.773
STU2725,301,117,5,2.3,1.6,8.61,0,0.75
STU2726,315,109,5,2.6,3.1,8.06,0,0.812
STU2727,309,102,1,4.7,4.4,7.49,0,0.73
STU2728,311,102,1,1.9,2.1,8.1,0,0.672
STU2729,326,99,2,3.8,3.5,8.01,0,0.817
STU2730,330,104,1,1.3,1.8,8.4,1,0.7
STU2731,322,116,3,4.3,4.4,8.45,0,0.828
STU2732,332,118,1,4.9,4.7,8.88,1,0.935
STU2733,319,97,2,4.8,4.4,8.14,1,0.798
STU2734,319,119,1,3.1,4.1,7.76,1,0.796
STU2735,298,118,4,1.6,2.7,9.26,1,0.853
STU2736,318,102,3,2.7,4.6,8.55,0,0.775
STU2737,326,101,3,4.3,4.2,9.1,1,0.859
STU2738,314,97,3,1.9,4.3,9.17,0,0.778
STU2739,323,106,3,4.4,4.8,7.82,1,0.821
STU2740,328,104,5,3.8,4.0,8.76,1,0.899
STU2741,325,97,4,2.4,1.7,7.7,1,0.795
STU2742,304,101,3,1.0,3.8,8.51,1,0.786
STU2743,308,117,4,4.7,3.3,8.17,1,0.87
STU2744,321,99,1,2.7,2.0,8.18,1,0.762
STU2745,319,112,2,4.6,1.1,8.4,0,0.769
STU2746,311,101,5,3.6,3.3,8.86,0,0.813
STU2747,310,113,2,4.2,1.0,8.78,0,0.757
STU2748,318,102,1,4.6,2.5,7.43,1,0.764
STU2749,322,107,1,3.6,2.0,8.3,0,0.733
STU2750,314,94,4,2.2,4.8,8.06,0,0.797
STU2751,330,102,4,3.4,4.1,9.54,1,0.897
STU2752,315,112,4,1.5,3.4,8.14,0,0.795
STU2753,310,115,1,3.0,4.8,9.78,1,0.882
STU2754,331,100,1,3.7,1.8,8.83,0,0.809
STU2755,318,101,2,4.8,4.9,8.38,1,0.864
STU2756,325,93,5,4.6,4.5,7.93,0,0.871
STU2757,315,98,2,2.7,2.5,8.53,0,0.704
STU2758,324,97,2,4.0,4.9,7.58,1,0.766
STU2759,297,105,5,5.0,3.4,8.34,0,0.806
STU2760,310,100,5,3.4,2.2,8.06,1,0.854
STU2761,318,115,2,1.6,2.6,8.85,1,0.806
STU2762,318,99,4,3.7,3.5,8.61,0,0.787
STU2763,314,102,1,3.8,3.5,7.51,0,0.699
STU2764,303,97,5,1.4,4.6,7.46,1,0.77
STU2765,326,116,4,1.5,1.4,8.63,1,0.849
STU2766,320,106,4,3.1,1.8,8.41,1,0.818
STU2767,308,103,1,4.2,1.9,8.21,0,0.73
STU2768,311,120,5,4.3,4.6,9.04,1,0.927
STU2769,317,106,3,4.1,4.8,9.38,0,0.799
STU2770,307,106,3,3.8,4.1,8.24,0,0.812
STU2771,306,95,4,4.0,5.0,9.48,0,0.813
STU2772,305,111,5,3.5,3.9,7.98,1,0.828
STU2773,290,109,3,1.3,4.8,7.84,0,0.746
STU2774,299,103,2,3.0,4.8,7.6,0,0.716
STU2775,311,108,1,4.0,3.8,8.4,0,0.782
STU2776,307,113,4,3.5,2.9,7.7,1,0.823
STU2777,304,103,5,2.9,3.2,7.87,0,0.778
STU2778,326,101,2,1.1,3.4,10.0,1,0.827
STU2779,316,107,4,2.7,1.4,7.41,0,0.739
STU2780,323,96,4,1.2,2.9,8.27,0,0.709
STU2781,323,111,3,1.7,2.3,9.13,1,0.795
STU2782,324,112,2,3.0,1.6,8.8,1,0.822
STU2783,317,120,2,4.6,1.0,8.53,0,0.788
STU2784,313,97,1,2.0,3.9,8.69,1,0.753
STU2785,311,116,5,4.5,4.6,8.72,1,0.906
STU2786,308,112,5,2.8,5.0,8.09,0,0.813
STU2787,313,116,3,1.9,1.8,7.68,0,0.705
STU2788,300,105,3,3.8,1.0,7.23,1,0.82
STU2789,325,114,4,1.6,4.5,9.16,0,0.806
STU2790,323,112,2,2.0,2.4,8.43,1,0.743
STU2791,319,106,5,4.0,3.1,9.43,1,0.903
STU2792,312,108,3,2.3,4.3,8.69,1,0.805
STU2793,304,113,2,1.6,4.9,7.72,0,0.772
STU2794,315,97,4,3.4,3.8,9.85,0,0.84
STU2795,318,104,2,1.2,1.8,8.61,0,0.712
STU2796,313,90,3,2.1,3.8,9.36,0,0.725
STU2797,340,92,1,1.7,4.8,9.4,0,0.736
STU2798,314,102,2,2.9,3.6,8.86,1,0.815
STU2799,307,104,5,2.8,2.6,8.57,0,0.801
STU2800,314,112,3,4.8,2.7,8.87,0,0.79
STU2801,308,96,2,1.5,2.1,7.83,1,0.712
STU2802,329,109,1,3.5,3.6,7.29,1,0.796
STU2803,311,109,5,3.3,1.5,8.61,0,0.844
STU2804,303,109,5,1.6,2.6,7.71,0,0.774
STU2805,311,104,5,4.7,2.5,7.78,1,0.899
STU2806,326,104,2,4.9,3.3,9.4,0,0.823
STU2807,302,108,3,4.6,4.2,8.39,1,0.861
STU2808,318,99,2,3.6,1.9,7.76,0,0.745
STU2809,332,111,5,4.7,3.5,7.29,0,0.791
STU2810,322,113,1,4.7,3.2,9.49,1,0.881
STU2811,323,102,4,1.9,1.4,7.24,0,0.685
STU2812,301,111,2,1.3,3.3,7.91,1,0.73
STU2813,329,107,1,2.9,4.9,8.86,1,0.809
STU2814,332,111,4,1.8,2.1,8.43,0,0.791
STU2815,306,96,5,1.5,1.9,7.78,1,0.761
STU2816,314,92,4,1.3,1.3,8.55,1,0.804
STU2817,302,106,4,2.2,3.2,8.91,1,0.824
STU2818,318,98,4,2.9,4.9,8.65,0,0.822
STU2819,309,99,5,4.1,3.5,8.88,0,0.846
STU2820,303,107,2,2.4,4.9,8.28,1,0.852
STU2821,306,97,2,3.1,3.2,8.9,0,0.699
STU2822,315,101,4,2.3,3.6,8.33,1,0.844
STU2823,314,110,5,1.4,3.9,8.7,1,0.907
STU2824,313,110,5,3.0,1.7,8.03,1,0.829
STU2825,323,99,1,1.7,3.5,8.01,1,0.716
STU2826,307,103,2,4.0,3.6,8.07,0,0.721
STU2827,316,102,5,2.2,1.8,8.77,0,0.787
STU2828,315,105,5,4.5,2.1,9.32,0,0.82
STU2829,307,107,3,1.8,4.1,8.9,0,0.788
STU2830,304,115,4,3.8,1.5,8.43,0,0.722
STU2831,319,100,2,2.8,4.1,9.2,0,0.771
STU2832,321,104,5,1.4,4.7,8.78,0,0.814
STU2833,311,96,4,2.1,1.8,8.66,0,0.762
STU2834,302,99,5,3.9,2.5,9.64,0,0.838
STU2835,297,106,2,4.0,4.0,7.41,1,0.842
STU2836,319,115,3,3.9,3.1,8.37,1,0.885
STU2837,309,113,4,2.3,3.7,8.11,0,0.802
STU2838,310,96,1,2.7,1.2,8.39,1,0.71
STU2839,310,104,4,2.1,4.3,7.68,1,0.807
STU2840,309,108,4,1.2,3.0,7.63,1,0.733
STU2841,316,102,3,3.9,1.9,9.39,0,0.813
STU2842,317,102,5,3.1,3.7,8.49,1,0.936
STU2843,297,102,1,2.6,1.8,7.54,0,0.638
STU2844,311,104,2,2.3,3.3,8.9,0,0.763
STU2845,328,108,4,2.1,4.8,7.54,1,0.839
STU2846,326,118,1,3.7,1.6,8.68,1,0.825
STU2847,326,105,5,4.9,2.3,7.4,0,0.728
STU2848,326,96,4,4.0,1.9,8.58,1,0.878
STU2849,331,103,5,2.7,4.6,9.02,0,0.811
STU2850,330,111,4,4.2,1.8,7.15,0,0.789
STU2851,316,103,1,2.7,3.9,7.56,1,0.701
STU2852,313,101,1,4.4,2.1,9.15,1,0.843
STU2853,317,107,2,4.9,4.6,8.12,0,0.696
STU2854,299,113,5,3.4,1.8,7.79,0,0.718
STU2855,316,105,5,3.4,2.7,8.87,1,0.854
STU2856,317,115,1,3.8,4.1,7.5,0,0.769
STU2857,313,109,4,1.3,1.0,9.63,0,0.785
STU2858,308,99,4,2.6,4.6,8.56,1,0.866
STU2859,299,99,1,1.5,1.8,7.9,0,0.66
STU2860,331,109,5,2.2,4.5,7.94,1,0.876
STU2861,327,110,3,2.6,2.6,8.96,1,0.86
STU2862,301,96,1,4.8,1.1,7.72,1,0.726
STU2863,328,101,1,2.7,1.4,8.32,0,0.632
STU2864,318,108,1,1.4,1.8,8.32,0,0.664
STU2865,315,118,2,2.8,1.8,9.25,1,0.805
STU2866,305,117,4,2.1,1.3,8.57,0,0.768
STU2867,317,112,2,2.6,2.4,7.93,0,0.723
STU2868,300,100,4,1.8,4.6,9.34,1,0.77
STU2869,318,108,4,3.9,3.4,7.79,1,0.796
STU2870,308,99,3,2.7,3.2,8.72,0,0.761
STU2871,336,104,5,2.7,4.5,8.31,0,0.806
STU2872,324,95,3,3.4,2.5,7.78,1,0.767
STU2873,308,100,5,5.0,4.2,9.32,1,0.945
STU2874,318,109,2,1.2,3.1,7.62,1,0.763
STU2875,295,95,5,5.0,3.6,8.47,0,0.809
STU2876,319,115,4,1.3,1.7,7.29,1,0.773
STU2877,339,90,2,3.0,4.2,8.89,0,0.738
STU2878,323,104,2,1.9,2.5,9.43,1,0.772
STU2879,316,105,1,2.1,4.0,6.93,0,0.694
STU2880,308,108,5,1.4,3.6,7.99,0,0.806
STU2881,320,98,1,4.1,3.9,8.93,0,0.755
STU2882,328,107,3,4.9,4.4,8.07,1,0.859
STU2883,302,101,1,3.0,4.9,8.76,0,0.745
STU2884,298,92,5,2.3,4.8,9.54,1,0.849
STU2885,317,106,1,4.4,3.7,8.2,1,0.796
STU2886,328,114,5,3.5,1.7,8.74,0,0.8
STU2887,337,115,2,2.9,2.4,9.13,1,0.832
STU2888,322,103,5,1.1,4.4,8.44,0,0.8
STU2889,312,93,2,1.5,4.4,8.6,0,0.75
STU2890,300,105,4,4.5,2.2,8.47,0,0.764
STU2891,304,109,5,3.2,1.1,7.94,1,0.79
STU2892,319,98,4,2.7,2.7,8.46,0,0.771
STU2893,330,104,5,2.0,4.1,7.94,0,0.755
STU2894,308,105,1,1.8,3.9,9.57,0,0.755
STU2895,320,115,1,2.1,1.4,7.7,1,0.747
STU2896,309,109,3,1.5,4.9,8.41,1,0.767
STU2897,295,100,1,3.2,2.0,8.95,0,0.743
STU2898,314,101,5,3.3,1.2,7.77,0,0.761
STU2899,317,100,3,2.5,1.6,8.51,0,0.743
STU2900,312,106,4,2.8,2.4,9.45,1,0.805
STU2901,305,102,2,3.0,3.5,7.97,1,0.815
STU2902,325,99,5,3.2,2.0,8.34,1,0.899
STU2903,306,107,5,2.4,3.3,9.76,0,0.844
STU2904,324,92,3,1.6,4.4,8.49,0,0.727
STU2905,313,108,4,4.8,4.9,7.08,0,0.849
STU2906,299,111,1,2.1,2.2,7.85,0,0.666
STU2907,315,112,3,3.0,2.4,7.94,1,0.812
STU2908,321,104,5,1.9,2.5,7.86,0,0.774
STU2909,332,100,5,2.6,3.1,7.0,1,0.879
STU2910,323,99,2,1.7,3.5,7.85,0,0.782
STU2911,311,103,5,1.4,1.8,6.97,0,0.713
STU2912,320,120,5,2.7,4.0,9.11,1,0.96
STU2913,321,112,5,4.7,1.3,7.6,0,0.787
STU2914,324,105,1,3.1,2.3,8.33,1,0.741
STU2915,312,109,4,1.9,4.9,8.15,1,0.839
STU2916,314,103,2,3.7,3.7,8.81,0,0.728
STU2917,321,93,4,4.0,3.3,8.36,0,0.754
STU2918,304,99,4,1.3,3.3,7.7,0,0.739
STU2919,323,108,3,2.5,1.7,7.99,0,0.699
STU2920,303,113,5,4.9,1.5,8.5,1,0.853
STU2921,309,113,1,1.9,4.7,9.06,1,0.791
STU2922,312,108,2,2.1,1.8,8.17,1,0.716
STU2923,323,115,2,1.9,1.3,8.65,1,0.77
STU2924,310,108,2,3.2,4.0,9.23,1,0.825
STU2925,337,104,2,2.2,2.1,8.64,1,0.803
STU2926,310,106,4,4.0,4.5,9.29,0,0.756
STU2927,316,108,5,4.8,4.9,8.11,0,0.815
STU2928,321,98,1,3.9,3.2,10.0,1,0.803
STU2929,322,105,3,2.5,1.9,8.59,0,0.724
STU2930,302,102,3,2.3,4.4,9.48,1,0.847
STU2931,313,101,5,4.0,4.0,9.46,1,0.879
STU2932,308,113,2,4.7,4.7,7.35,0,0.824
STU2933,310,110,2,4.0,4.0,7.9,1,0.841
STU2934,333,110,2,1.4,4.6,9.22,0,0.781
STU2935,318,90,5,1.8,3.3,8.27,0,0.791
STU2936,308,102,2,4.0,3.3,9.34,0,0.809
STU2937,330,115,1,3.6,4.2,8.13,1,0.775
STU2938,308,108,5,1.8,1.4,8.61,1,0.866
STU2939,292,112,2,4.1,2.4,9.55,0,0.76
STU2940,325,112,2,3.3,4.2,8.72,0,0.82
STU2941,322,98,1,1.7,2.6,8.41,0,0.719
STU2942,310,110,5,3.1,2.0,9.2,0,0.849
STU2943,315,109,1,4.8,2.3,9.95,0,0.742
STU2944,315,107,2,1.6,4.0,8.73,1,0.766
STU2945,320,96,3,2.8,4.8,8.89,1,0.823
STU2946,330,102,5,2.0,2.7,7.65,1,0.82
STU2947,307,102,5,4.1,4.1,8.57,1,0.874
STU2948,318,111,3,2.2,3.2,8.63,1,0.836
STU2949,309,90,4,1.9,4.5,8.52,0,0.744
STU2950,304,108,4,4.7,4.2,8.63,1,0.94
STU2951,299,106,3,2.4,5.0,8.43,1,0.835
STU2952,294,119,4,2.6,3.1,8.31,0,0.775
STU2953,313,97,4,4.3,1.1,9.82,0,0.796
STU2954,334,104,1,2.5,1.6,8.63,0,0.706
STU2955,305,98,5,4.5,2.7,9.06,0,0.81
STU2956,302,96,4,4.5,2.9,8.89,1,0.863
STU2957,317,111,5,1.5,3.7,8.53,0,0.853
STU2958,296,105,1,1.4,4.4,7.64,0,0.734
STU2959,314,104,1,4.1,4.2,6.75,0,0.705
STU2960,324,90,5,1.6,4.7,7.12,0,0.733
STU2961,317,118,2,2.3,3.6,8.32,1,0.765
STU2962,312,95,3,1.3,4.6,8.87,1,0.793
STU2963,300,111,1,3.2,3.8,7.43,1,0.727
STU2964,310,98,4,3.0,2.7,8.1,0,0.746
STU2965,314,99,4,2.9,4.0,9.25,0,0.799
STU2966,326,108,1,2.7,1.7,10.0,1,0.778
STU2967,330,111,4,2.3,3.0,7.97,0,0.779
STU2968,316,109,1,3.0,3.0,8.6,1,0.721
STU2969,302,91,4,1.8,4.6,7.38,0,0.732
STU2970,303,101,5,1.2,4.6,8.25,0,0.736
STU2971,311,110,5,4.8,2.3,8.4,0,0.752
STU2972,311,118,1,3.1,4.5,8.29,0,0.712
STU2973,319,95,5,1.6,3.0,8.76,0,0.824
STU2974,302,109,1,4.8,4.8,8.85,0,0.834
STU2975,320,102,2,1.1,3.9,9.44,0,0.716
STU2976,317,115,4,3.4,4.2,8.73,1,0.901
STU2977,320,101,4,3.3,3.2,7.38,0,0.771
STU2978,318,118,3,1.7,3.8,9.25,1,0.912
STU2979,317,98,2,2.1,4.9,7.62,0,0.738
STU2980,328,107,2,5.0,2.8,8.15,1,0.882
STU2981,300,109,4,3.2,2.5,9.7,1,0.884
STU2982,326,94,2,1.6,1.2,8.76,1,0.744
STU2983,308,99,3,2.3,2.3,9.08,0,0.783
STU2984,331,114,2,1.1,4.0,8.29,1,0.8
STU2985,316,107,3,2.5,1.5,8.89,0,0.705
STU2986,310,113,1,3.1,3.6,8.94,1,0.781
STU2987,323,105,3,3.6,2.9,7.76,1,0.769
STU2988,309,91,2,3.0,3.5,7.81,0,0.703
STU2989,318,120,3,3.4,1.5,8.72,1,0.856
STU2990,314,95,5,1.7,4.9,7.0,1,0.802
STU2991,340,108,3,2.3,3.4,8.33,0,0.76
STU2992,298,105,4,2.9,4.7,7.75,1,0.847
STU2993,312,111,2,4.0,4.2,8.26,1,0.896
STU2994,290,107,2,2.5,3.5,8.32,1,0.785
STU2995,305,109,3,3.6,1.6,8.36,1,0.813
STU2996,304,104,2,1.9,1.4,8.72,0,0.679
STU2997,317,108,5,3.8,2.5,7.61,1,0.862
STU2998,340,101,2,1.5,2.5,9.47,0,0.733
STU2999,305,110,5,1.1,1.4,8.05,1,0.78
